run_label,seed,shuffled_label_control,label_control_mode,n_classes,n_train,n_test,uniform_reference,majority_reference,accuracy,balanced_accuracy,macro_f1,optimal_relabel_accuracy,mutual_info,normalized_mutual_info,mean_prediction_entropy,normalized_prediction_entropy,ece
encoder_seed_2026,2026,False,true_labels,6,22979,7021,0.1666666666666666,0.1912832929782082,0.9240848881925652,0.9254359050372544,0.9216741855238606,0.9240848881925652,1.5961325996032467,0.8941484989936856,0.306739930477319,0.1711948147869825,0.0469960645891971
encoder_seed_2026,2027,False,true_labels,6,22489,7511,0.1666666666666666,0.1978431633604047,0.924510717614166,0.9158317794852872,0.9141393288517616,0.924510717614166,1.6107590900736957,0.9032886810524494,0.2825259102838643,0.1576807128054889,0.0358811349241478
encoder_seed_2026,2028,False,true_labels,6,22480,7520,0.1666666666666666,0.1976063829787234,0.9341755319148936,0.9284382728962006,0.9254939994738082,0.9341755319148936,1.6249192957386984,0.910939264545578,0.2697345358772777,0.1505417108209773,0.0400911744168737
encoder_seed_2026,2029,False,true_labels,6,22889,7111,0.1666666666666666,0.1868935452116439,0.9492335817747152,0.9453996399752508,0.9444812555956984,0.9492335817747152,1.6450572559273042,0.9218504658314844,0.3032797583480643,0.169263655951949,0.0718360429143127
encoder_seed_2026,2030,False,true_labels,6,22572,7428,0.1666666666666666,0.1743403338718362,0.9281098546042004,0.9278965684913536,0.9263685335106636,0.9281098546042004,1.6141835648994394,0.9019059936086096,0.3003529126312349,0.1676301522551105,0.0504776768183385
encoder_seed_2026,2031,False,true_labels,6,22764,7236,0.1666666666666666,0.1784134881149806,0.922194582642344,0.9161767257981908,0.9137885245007498,0.922194582642344,1.6024532288811193,0.8966519838392709,0.3052424852568146,0.1703590746967406,0.0456139144041491
encoder_seed_2026,2032,False,true_labels,6,22717,7283,0.1666666666666666,0.1805574625840999,0.9126733488946862,0.9098937120279283,0.9098142789576844,0.9126733488946862,1.585997097307657,0.8889095675959904,0.2780650392745565,0.1551910532915199,0.0302278258835736
encoder_seed_2026,2033,False,true_labels,6,22286,7714,0.1666666666666666,0.18796992481203,0.891495981332642,0.8827397862017751,0.8821028892875721,0.891495981332642,1.5726361243931342,0.8816043981047067,0.2677878159396178,0.1494552257368502,0.0263753645020554
encoder_seed_2026,2034,False,true_labels,6,22765,7235,0.1666666666666666,0.1910158949550794,0.9494125777470628,0.9449213498526112,0.9422952282598892,0.9494125777470628,1.6446703435939507,0.9224497322216636,0.2960062171072822,0.1652042152928098,0.0695189840716205
encoder_seed_2026,2035,False,true_labels,6,22461,7539,0.1666666666666666,0.1944554980766679,0.9338108502453908,0.925529434358584,0.9233984303456496,0.9338108502453908,1.6205908484089964,0.9092429967642311,0.2798290841246524,0.1561755854680714,0.0475532535798858
encoder_seed_2026,2026,True,train_labels_permuted_only,6,22979,7021,0.1666666666666666,0.1912832929782082,0.1244836917817974,0.1258917665256163,0.1226622793597326,0.3042301666429283,0.1552277540879343,0.0879294939313059,1.7676770870269056,0.98655936658087,0.0754264500194633
encoder_seed_2026,2027,True,train_labels_permuted_only,6,22489,7511,0.1666666666666666,0.1978431633604047,0.2455065903341765,0.2301665605562877,0.2138536697170479,0.3369724404207163,0.1873934879597122,0.1065361523002967,1.7614776016352125,0.9830993679046166,0.0987274680536251
encoder_seed_2026,2028,True,train_labels_permuted_only,6,22480,7520,0.1666666666666666,0.1976063829787234,0.1184840425531914,0.1200193302030881,0.1229439422529233,0.3238031914893617,0.1918916365730253,0.1082593766796549,1.7648536740666247,0.9849835898045948,0.0829012263717357
encoder_seed_2026,2029,True,train_labels_permuted_only,6,22889,7111,0.1666666666666666,0.1868935452116439,0.1738152158627478,0.1735471753521898,0.1743985394788664,0.2996765574462101,0.1339456009059263,0.0753210737224841,1.7681198932345557,0.9868065014308622,0.0276509547861841
encoder_seed_2026,2030,True,train_labels_permuted_only,6,22572,7428,0.1666666666666666,0.1743403338718362,0.1927840603123317,0.190526785779132,0.1858764451080376,0.3411416262789445,0.2215044166285784,0.1243992773728103,1.770440408037652,0.9881016054015398,0.0332951489919465
encoder_seed_2026,2031,True,train_labels_permuted_only,6,22764,7236,0.1666666666666666,0.1784134881149806,0.1180210060807075,0.120010634863382,0.1224037743623966,0.3637368711995578,0.2645436713605377,0.1499068619009035,1.773397990619676,0.9897522636694702,0.0778631009149905
encoder_seed_2026,2032,True,train_labels_permuted_only,6,22717,7283,0.1666666666666666,0.1805574625840999,0.2886173280241658,0.2957539675496398,0.2722941307940619,0.3217080873266511,0.2160228957747361,0.1213612107010789,1.754942756803815,0.9794522015613504,0.1567959647746562
encoder_seed_2026,2033,True,train_labels_permuted_only,6,22286,7714,0.1666666666666666,0.18796992481203,0.1362457868809956,0.1392113936258845,0.1413206897014665,0.3034742027482499,0.1656663839625895,0.0928875203251213,1.7621511985164808,0.9834753094820644,0.0674350173239724
encoder_seed_2026,2034,True,train_labels_permuted_only,6,22765,7235,0.1666666666666666,0.1910158949550794,0.1680718728403593,0.1720950037497883,0.1693202432427973,0.3342087076710435,0.2142976087922907,0.1205425316140279,1.766575116270783,0.9859443449917292,0.0328338079195266
encoder_seed_2026,2035,True,train_labels_permuted_only,6,22461,7539,0.1666666666666666,0.1944554980766679,0.2298713357209179,0.22103904486331,0.2205019916828729,0.3248441437856479,0.2196289467478205,0.124440437401395,1.7655642291468303,0.9853801581456076,0.076141668562402
encoder_seed_2027,2026,False,true_labels,6,22979,7021,0.1666666666666666,0.1912832929782082,0.9202392821535392,0.9214207071784796,0.9176746358249036,0.9202392821535392,1.5937426834613342,0.892800743082171,0.2909174698910305,0.1623641313955866,0.0391370660759303
encoder_seed_2027,2027,False,true_labels,6,22489,7511,0.1666666666666666,0.1978431633604047,0.9226467847157502,0.9126244847265718,0.9115791568606966,0.9226467847157502,1.608308245634501,0.9022144513946652,0.2743258442908084,0.1531041688363429,0.0332333881589778
encoder_seed_2027,2028,False,true_labels,6,22480,7520,0.1666666666666666,0.1976063829787234,0.9376329787234042,0.9318323378429358,0.9291967159617852,0.9376329787234042,1.6276495433480025,0.9125773052869884,0.2571475242615682,0.1435167658817259,0.0401732531482913
encoder_seed_2027,2029,False,true_labels,6,22889,7111,0.1666666666666666,0.1868935452116439,0.953452397693714,0.950475547747474,0.9491670966739276,0.953452397693714,1.6537091539871644,0.926529111434906,0.289544524743785,0.161597876119237,0.0712580984575623
encoder_seed_2027,2030,False,true_labels,6,22572,7428,0.1666666666666666,0.1743403338718362,0.932283252557889,0.9322852377123684,0.9306349558178578,0.932283252557889,1.6223752728200422,0.9066613476466282,0.2925866341017359,0.1632957096790404,0.0535316914746164
encoder_seed_2027,2031,False,true_labels,6,22764,7236,0.1666666666666666,0.1784134881149806,0.9228855721393034,0.9168752707196663,0.9145246819683788,0.9228855721393034,1.6030303727202155,0.8969818632502518,0.2947038714985088,0.164477362369111,0.0439886551549658
encoder_seed_2027,2032,False,true_labels,6,22717,7283,0.1666666666666666,0.1805574625840999,0.9162433063298092,0.9136843790734702,0.9136889777014076,0.9162433063298092,1.589045821546987,0.8902158141674449,0.2676989039553821,0.1494056030136204,0.0301177532378878
encoder_seed_2027,2033,False,true_labels,6,22286,7714,0.1666666666666666,0.18796992481203,0.8889032927145449,0.8798229062512318,0.8788019941730255,0.8889032927145449,1.565627694679559,0.877973419165096,0.2523442419608967,0.1408360029873956,0.0221737524036241
encoder_seed_2027,2034,False,true_labels,6,22765,7235,0.1666666666666666,0.1910158949550794,0.946233586731168,0.9400570238297312,0.9382736235292702,0.946233586731168,1.6378185995638948,0.9189763863684826,0.2840539249768815,0.1585335140431883,0.0642095652567658
encoder_seed_2027,2035,False,true_labels,6,22461,7539,0.1666666666666666,0.1944554980766679,0.9315559092717868,0.923533157150289,0.9209678705340976,0.9315559092717868,1.6173732417849285,0.9072579348630112,0.2649196643986186,0.1478544798832592,0.0410321731663081
encoder_seed_2027,2026,True,train_labels_permuted_only,6,22979,7021,0.1666666666666666,0.1912832929782082,0.1492664862555191,0.1492439319823544,0.1468281024683805,0.2948297963253098,0.1656023587197717,0.0935192066675022,1.7674151539471097,0.9864131789455904,0.050944887068834
encoder_seed_2027,2027,True,train_labels_permuted_only,6,22489,7511,0.1666666666666666,0.1978431633604047,0.2877113566768739,0.2652792690080626,0.2433645047948686,0.357342564239116,0.2382051881175648,0.1356331527112665,1.7614097745870216,0.9830615129082538,0.1401851117188026
encoder_seed_2027,2028,True,train_labels_permuted_only,6,22480,7520,0.1666666666666666,0.1976063829787234,0.1714095744680851,0.1680046401370817,0.1735722414884302,0.2945478723404255,0.1577490135682891,0.0896219580126289,1.766030026350044,0.9856401245145388,0.0289599050636867
encoder_seed_2027,2029,True,train_labels_permuted_only,6,22889,7111,0.1666666666666666,0.1868935452116439,0.1151736745886654,0.1114023794990924,0.1130063893399152,0.2629728589509211,0.127318892887025,0.0721984178714007,1.7672455554409212,0.9863185242170396,0.0850656794554995
encoder_seed_2027,2030,True,train_labels_permuted_only,6,22572,7428,0.1666666666666666,0.1743403338718362,0.3197361335487345,0.3124638645144686,0.2861160214359802,0.3803177167474421,0.2741186414138354,0.1555524866493178,1.7703829685953465,0.988069547838406,0.170632365655566
encoder_seed_2027,2031,True,train_labels_permuted_only,6,22764,7236,0.1666666666666666,0.1784134881149806,0.1457987838584853,0.1477978067613722,0.1497074750305136,0.2935323383084577,0.2456240085449171,0.1378830607581388,1.771769124411387,0.9888431761293938,0.0520469839516535
encoder_seed_2027,2032,True,train_labels_permuted_only,6,22717,7283,0.1666666666666666,0.1805574625840999,0.3057805849237951,0.3125627556088952,0.2934880304802609,0.3234930660442126,0.2526482557882922,0.1417959689750206,1.7559515069129863,0.9800151957168136,0.1392445109281826
encoder_seed_2027,2033,True,train_labels_permuted_only,6,22286,7714,0.1666666666666666,0.18796992481203,0.1604874254602022,0.163690659821325,0.1622054943602441,0.3119004407570651,0.1459748987616027,0.0819747161282105,1.762740475666709,0.9838041913215908,0.0422348577906683
encoder_seed_2027,2034,True,train_labels_permuted_only,6,22765,7235,0.1666666666666666,0.1910158949550794,0.1624049758120248,0.1677472562889657,0.1615813493378403,0.3225984796129924,0.1924275640284375,0.1086737597157445,1.765167353786772,0.9851586577897424,0.0399944767063872
encoder_seed_2027,2035,True,train_labels_permuted_only,6,22461,7539,0.1666666666666666,0.1944554980766679,0.2460538532961931,0.2398970138772747,0.2510948763609889,0.3205995490118052,0.225834794985494,0.1285794900381056,1.7663040074159058,0.98579303625887,0.0937612009147265
encoder_seed_2028,2026,False,true_labels,6,22979,7021,0.1666666666666666,0.1912832929782082,0.9233727389260789,0.9240810560820104,0.9206861912286944,0.9233727389260789,1.593165093305545,0.8924531062104339,0.3020244969176721,0.1685630812085472,0.0440082868391451
encoder_seed_2028,2027,False,true_labels,6,22489,7511,0.1666666666666666,0.1978431633604047,0.9207828518173344,0.9099031596980064,0.9091814718838416,0.9207828518173344,1.60410167079288,0.9000636385347431,0.2792016598777983,0.1558254133285462,0.0304369883254762
encoder_seed_2028,2028,False,true_labels,6,22480,7520,0.1666666666666666,0.1976063829787234,0.9329787234042554,0.9280223705979048,0.924346464245977,0.9329787234042554,1.6224673385519772,0.9094666682321112,0.265738428839763,0.1483114410185042,0.0385836245726759
encoder_seed_2028,2029,False,true_labels,6,22889,7111,0.1666666666666666,0.1868935452116439,0.9544367880748136,0.9514665150915474,0.9502008604606064,0.9544367880748136,1.6518711205313414,0.9255383293458096,0.3067126535577902,0.1711795912483339,0.0772109655508181
encoder_seed_2028,2030,False,true_labels,6,22572,7428,0.1666666666666666,0.1743403338718362,0.9297253634894992,0.929740118915559,0.9279727914846266,0.9297253634894992,1.62016747645979,0.9055642101992208,0.3005274591289543,0.167727568510315,0.0506825380189557
encoder_seed_2028,2031,False,true_labels,6,22764,7236,0.1666666666666666,0.1784134881149806,0.9188778330569376,0.9129722514987464,0.910286311982978,0.9188778330569376,1.5998440129256633,0.8951230141631303,0.3052930755313154,0.1703873096665397,0.0407821488286893
encoder_seed_2028,2032,False,true_labels,6,22717,7283,0.1666666666666666,0.1805574625840999,0.919675957709735,0.9170898565236412,0.9172493767920514,0.919675957709735,1.5943287673215472,0.8932656943872441,0.2799129079288375,0.156222368423945,0.0349166076296469
encoder_seed_2028,2033,False,true_labels,6,22286,7714,0.1666666666666666,0.18796992481203,0.892273787918071,0.8835661910956768,0.882915803644757,0.892273787918071,1.5731108570349126,0.8818731194209999,0.265213999929113,0.1480187516705997,0.0248869115955436
encoder_seed_2028,2034,False,true_labels,6,22765,7235,0.1666666666666666,0.1910158949550794,0.947892190739461,0.94146947310959,0.9400595901942426,0.947892190739461,1.6379418361638716,0.91924691460957,0.2995595079869435,0.1671873446919764,0.069296109199989
encoder_seed_2028,2035,False,true_labels,6,22461,7539,0.1666666666666666,0.1944554980766679,0.9365963655657248,0.9289635180224242,0.9267334119633492,0.9365963655657248,1.6232781680807506,0.9107153783683036,0.2730309834549024,0.1523814932439188,0.047644650215217
encoder_seed_2028,2026,True,train_labels_permuted_only,6,22979,7021,0.1666666666666666,0.1912832929782082,0.1398661159379005,0.1427995588655054,0.1415041261841942,0.3066514741489816,0.1843037286852143,0.1033536316597083,1.767605514314634,0.98651942108958,0.0601860649676258
encoder_seed_2028,2027,True,train_labels_permuted_only,6,22489,7511,0.1666666666666666,0.1978431633604047,0.2701371322060977,0.2532681048518824,0.2393853061970806,0.3325788843030222,0.2432634737033343,0.1377289066507457,1.762350474603292,0.9835865275837312,0.1260530607206837
encoder_seed_2028,2028,True,train_labels_permuted_only,6,22480,7520,0.1666666666666666,0.1976063829787234,0.1063829787234042,0.110597427071542,0.1181546548123387,0.3599734042553191,0.2439414644271358,0.1390749193466224,1.76656820525541,0.9859404878806092,0.0938731052832647
encoder_seed_2028,2029,True,train_labels_permuted_only,6,22889,7111,0.1666666666666666,0.1868935452116439,0.1366896357755589,0.1324770540769899,0.1323294054668059,0.2736605259457179,0.1355265861260186,0.0765130683158928,1.767131459859411,0.9862548462605562,0.063449534051335
encoder_seed_2028,2030,True,train_labels_permuted_only,6,22572,7428,0.1666666666666666,0.1743403338718362,0.1829563812600969,0.1803605306031791,0.1801776187030455,0.3171782444803446,0.1885317975935365,0.1058727953674893,1.7701744455758548,0.9879531689253472,0.0415461963097342
encoder_seed_2028,2031,True,train_labels_permuted_only,6,22764,7236,0.1666666666666666,0.1784134881149806,0.1435876174682145,0.1463850254484678,0.1472530889080976,0.3434217799889442,0.2351821275972259,0.1330657170537284,1.7725287232224554,0.9892671162977668,0.0528151747825151
encoder_seed_2028,2032,True,train_labels_permuted_only,6,22717,7283,0.1666666666666666,0.1805574625840999,0.3016614032678841,0.3098270262408926,0.2877027477008562,0.329397226417685,0.2403810354929018,0.1351099542298075,1.7556510564779713,0.9798475111362798,0.1435124229715639
encoder_seed_2028,2033,True,train_labels_permuted_only,6,22286,7714,0.1666666666666666,0.18796992481203,0.1518019185895774,0.1551743743040528,0.1557214467725116,0.3015296862846772,0.1697899596821472,0.0954571863003881,1.7631004657710478,0.9840051056242752,0.0509176610814779
encoder_seed_2028,2034,True,train_labels_permuted_only,6,22765,7235,0.1666666666666666,0.1910158949550794,0.1567380787836904,0.1625005377944418,0.1567113487509639,0.2986869384934347,0.1703169184818976,0.096117224021451,1.7662727190894234,0.9857755739113732,0.0439816836208622
encoder_seed_2028,2035,True,train_labels_permuted_only,6,22461,7539,0.1666666666666666,0.1944554980766679,0.2240350179068842,0.2178934961815471,0.2197520501050395,0.3150285183711367,0.2326047292483961,0.1309132371524764,1.7655585850386146,0.9853770081088348,0.0749004453295297
encoder_seed_2029,2026,False,true_labels,6,22979,7021,0.1666666666666666,0.1912832929782082,0.9206665717134312,0.922081622837876,0.9181120113417652,0.9206665717134312,1.5898141453337122,0.8905908812323726,0.2922715285422071,0.163119845917782,0.0401844274309479
encoder_seed_2029,2027,False,true_labels,6,22489,7511,0.1666666666666666,0.1978431633604047,0.923046198908268,0.9125583577431704,0.9118183173657428,0.923046198908268,1.6053530760812258,0.90079547759755,0.2692605585806037,0.1502771790549595,0.0309444834438402
encoder_seed_2029,2028,False,true_labels,6,22480,7520,0.1666666666666666,0.1976063829787234,0.932845744680851,0.9271017475586923,0.9239301537489548,0.932845744680851,1.6190728811913384,0.9076654968047512,0.2548727157063287,0.142247171053677,0.0353343714101239
encoder_seed_2029,2029,False,true_labels,6,22889,7111,0.1666666666666666,0.1868935452116439,0.9513429897342146,0.9485350671278104,0.9469522012816972,0.9513429897342146,1.64844558308567,0.9234657189585628,0.2917374187216626,0.1628217535511907,0.0706696020905325
encoder_seed_2029,2030,False,true_labels,6,22572,7428,0.1666666666666666,0.1743403338718362,0.9295907377490576,0.9294678971092312,0.927836552696038,0.9295907377490576,1.616305098029652,0.9031932312767256,0.2915467323592136,0.1627153294659695,0.0483965732718522
encoder_seed_2029,2031,False,true_labels,6,22764,7236,0.1666666666666666,0.1784134881149806,0.9197070204532892,0.9147509470912312,0.9114463449179836,0.9197070204532892,1.5996302587585522,0.8949740130592799,0.2914020483599273,0.1626345797884758,0.0388402539038796
encoder_seed_2029,2032,False,true_labels,6,22717,7283,0.1666666666666666,0.1805574625840999,0.9187148153233556,0.9163318809791212,0.9165675543656244,0.9187148153233556,1.5939817146880275,0.8927824177019938,0.2731312538195805,0.1524374551999738,0.0358519115422408
encoder_seed_2029,2033,False,true_labels,6,22286,7714,0.1666666666666666,0.18796992481203,0.8952553798288826,0.8871558202793217,0.88685814890827,0.8952553798288826,1.5751023879568504,0.8824203002383739,0.2562705654193795,0.1430273258328522,0.0232100237487705
encoder_seed_2029,2034,False,true_labels,6,22765,7235,0.1666666666666666,0.1910158949550794,0.95286800276434,0.948910157767571,0.9462686048161484,0.95286800276434,1.6487126824953675,0.9247640946619968,0.2861299982126359,0.1596921925775614,0.0709227764233298
encoder_seed_2029,2035,False,true_labels,6,22461,7539,0.1666666666666666,0.1944554980766679,0.9364637219790424,0.9285710594166648,0.9264321686508052,0.9364637219790424,1.6204313514489117,0.909189398105404,0.270425914484682,0.1509275765687399,0.048261463336369
encoder_seed_2029,2026,True,train_labels_permuted_only,6,22979,7021,0.1666666666666666,0.1912832929782082,0.1541091012676257,0.1539704715543859,0.1520516089135506,0.3116365190143854,0.1627584830365634,0.0918564580641437,1.7688213477216694,0.9871979906341626,0.0463546557599442
encoder_seed_2029,2027,True,train_labels_permuted_only,6,22489,7511,0.1666666666666666,0.1978431633604047,0.2371188922913061,0.2230537471399358,0.2094663458004561,0.3196644920782852,0.1864949027474461,0.1053491932714549,1.7604810660032877,0.9825431907787024,0.1027861779596297
encoder_seed_2029,2028,True,train_labels_permuted_only,6,22480,7520,0.1666666666666666,0.1976063829787234,0.1075797872340425,0.1111053892423066,0.1150759657648046,0.3167553191489362,0.2134184910483723,0.1207638817589516,1.7661939999173015,0.9857316399048988,0.0930234535119772
encoder_seed_2029,2029,True,train_labels_permuted_only,6,22889,7111,0.1666666666666666,0.1868935452116439,0.1368302629728589,0.1315122408827285,0.1350395323096019,0.2522851919561243,0.1273143037241474,0.0720544665321423,1.7668902139348786,0.9861202043464624,0.064334787331976
encoder_seed_2029,2030,True,train_labels_permuted_only,6,22572,7428,0.1666666666666666,0.1743403338718362,0.1859181475498115,0.1843878692199313,0.185982063561651,0.3209477652127087,0.1671546499662587,0.0943151556275074,1.7702542888567847,0.9879977303088928,0.0299621274436835
encoder_seed_2029,2031,True,train_labels_permuted_only,6,22764,7236,0.1666666666666666,0.1784134881149806,0.1448313985627418,0.1460920174083379,0.1499837431951028,0.3536484245439469,0.2664604416250894,0.1511105317736283,1.7725056011776228,0.9892542116388384,0.0519428439403512
encoder_seed_2029,2032,True,train_labels_permuted_only,6,22717,7283,0.1666666666666666,0.1805574625840999,0.2855965948098311,0.293527498958501,0.2713160182794121,0.3103116847452972,0.2170296176050201,0.1218545243177816,1.7550757003367885,0.9795263987598342,0.1335973654424965
encoder_seed_2029,2033,True,train_labels_permuted_only,6,22286,7714,0.1666666666666666,0.18796992481203,0.1534871661913404,0.1566393492971412,0.1565580455047709,0.3208452164894996,0.1636194398730349,0.0917601831150763,1.7645349360510745,0.98480569873103,0.0480925591798547
encoder_seed_2029,2034,True,train_labels_permuted_only,6,22765,7235,0.1666666666666666,0.1910158949550794,0.1802349689011748,0.1850152420189258,0.1822904680039483,0.3161022805805114,0.1879966481347407,0.1058851316167862,1.7661760010179468,0.9857215945279026,0.0212766830299405
encoder_seed_2029,2035,True,train_labels_permuted_only,6,22461,7539,0.1666666666666666,0.1944554980766679,0.1957819339434938,0.1940120202869865,0.1995491181338841,0.31622231065128,0.180256734207837,0.1017631569130776,1.7665500532101703,0.9859303570312674,0.0326037891535664
encoder_seed_2030,2026,False,true_labels,6,22979,7021,0.1666666666666666,0.1912832929782082,0.922375729952998,0.9228014288283132,0.9196687249083552,0.922375729952998,1.5948855579005436,0.8934451661134318,0.2938607018093622,0.1640067804056124,0.0408569700156681
encoder_seed_2030,2027,False,true_labels,6,22489,7511,0.1666666666666666,0.1978431633604047,0.9253095459992012,0.914830894526645,0.9142718085772662,0.9253095459992012,1.6135248076438184,0.9054274568030888,0.2764404268384939,0.154284339826926,0.0361044528654982
encoder_seed_2030,2028,False,true_labels,6,22480,7520,0.1666666666666666,0.1976063829787234,0.9389627659574468,0.9333802180417812,0.9307224303945082,0.9389627659574468,1.630101812547753,0.9139566419585784,0.2590589598933925,0.1445835584198157,0.0425597119427228
encoder_seed_2030,2029,False,true_labels,6,22889,7111,0.1666666666666666,0.1868935452116439,0.9495148361693152,0.9460142636517684,0.9448456082233704,0.9495148361693152,1.645887532601547,0.9222017544685988,0.2963290256654716,0.165384378179477,0.0715223113127815
encoder_seed_2030,2030,False,true_labels,6,22572,7428,0.1666666666666666,0.1743403338718362,0.9312062466343564,0.9308504436081186,0.9296322681788672,0.9312062466343564,1.619532402355184,0.9046393090083436,0.2987046495527179,0.1667102391156381,0.0536104573455199
encoder_seed_2030,2031,False,true_labels,6,22764,7236,0.1666666666666666,0.1784134881149806,0.9159756771697072,0.9088818625230862,0.9067539632277412,0.9159756771697072,1.5931866538544308,0.8915212588623811,0.2934038810990795,0.1637518239127749,0.0348453877395911
encoder_seed_2030,2032,False,true_labels,6,22717,7283,0.1666666666666666,0.1805574625840999,0.9221474667032816,0.9202542521954454,0.9205488879152808,0.9221474667032816,1.5971929573479593,0.8938553159187141,0.2755948609481626,0.1538124205180829,0.0392946548161234
encoder_seed_2030,2033,False,true_labels,6,22286,7714,0.1666666666666666,0.18796992481203,0.894866476536168,0.8871365573247608,0.8869361063252773,0.894866476536168,1.5753308475237866,0.8820274135901961,0.2610991088228205,0.1457221872170766,0.0281387888124778
encoder_seed_2030,2034,False,true_labels,6,22765,7235,0.1666666666666666,0.1910158949550794,0.9442985487214928,0.9364262461275884,0.9355952507390576,0.9442985487214928,1.6339049760201096,0.9173021466330938,0.2906019853273741,0.1621880561080971,0.065524094185787
encoder_seed_2030,2035,False,true_labels,6,22461,7539,0.1666666666666666,0.1944554980766679,0.9306274041650088,0.9227374857178888,0.9200914202622548,0.9306274041650088,1.612902079572001,0.9047703191468986,0.2725096078665533,0.1520905079876367,0.043528000655767
encoder_seed_2030,2026,True,train_labels_permuted_only,6,22979,7021,0.1666666666666666,0.1912832929782082,0.1699188149836205,0.1679705768408416,0.1668670509172291,0.2803019512889901,0.1257872427659297,0.0710804439746257,1.7676886233206512,0.9865658051090004,0.0302316558112982
encoder_seed_2030,2027,True,train_labels_permuted_only,6,22489,7511,0.1666666666666666,0.1978431633604047,0.2704034083344428,0.2521331930889961,0.2342436135916918,0.3283184662495007,0.1994163268802129,0.1134323317471596,1.7620407996931016,0.9834136947255776,0.1249973305556656
encoder_seed_2030,2028,True,train_labels_permuted_only,6,22480,7520,0.1666666666666666,0.1976063829787234,0.169281914893617,0.1657236408215276,0.1666686230120607,0.2984042553191489,0.1487715294601991,0.0843925924408481,1.7655920881034586,0.9853957065253462,0.0312324889941841
encoder_seed_2030,2029,True,train_labels_permuted_only,6,22889,7111,0.1666666666666666,0.1868935452116439,0.196596821825341,0.19430494124614,0.194926718096298,0.2743636619322177,0.1266622838379945,0.0713152447314676,1.7671641177136563,0.9862730729560508,0.03338172879369
encoder_seed_2030,2030,True,train_labels_permuted_only,6,22572,7428,0.1666666666666666,0.1743403338718362,0.1746095853527194,0.1723680935812035,0.1731657231991649,0.3244480344641895,0.2135710997271827,0.1195991585999715,1.7696088197179989,0.9876374871234256,0.0328800319655142
encoder_seed_2030,2031,True,train_labels_permuted_only,6,22764,7236,0.1666666666666666,0.1784134881149806,0.1774461028192371,0.1785494677427896,0.1762214894160462,0.3161967938087341,0.1992961328032501,0.1130328214779235,1.7723905031432907,0.9891899742027824,0.023610728405016
encoder_seed_2030,2032,True,train_labels_permuted_only,6,22717,7283,0.1666666666666666,0.1805574625840999,0.2750240285596594,0.2825069876549005,0.2595689054022022,0.3427159137717973,0.2416797547709898,0.1359870181031781,1.7559147512655984,0.9799946819994206,0.1203401419825865
encoder_seed_2030,2033,True,train_labels_permuted_only,6,22286,7714,0.1666666666666666,0.18796992481203,0.1463572724915737,0.1495451321528259,0.1505602702349537,0.3354939071817475,0.191342935214806,0.1079215465068872,1.7627504866260963,0.9838097785444068,0.0566798821429542
encoder_seed_2030,2034,True,train_labels_permuted_only,6,22765,7235,0.1666666666666666,0.1910158949550794,0.1751209398756047,0.1816315581026456,0.1756089790896066,0.3445749827228749,0.2377112296161223,0.1335712201149627,1.7657468987884493,0.9854821080137433,0.0426305878092344
encoder_seed_2030,2035,True,train_labels_permuted_only,6,22461,7539,0.1666666666666666,0.1944554980766679,0.2619710836981032,0.2529917714016647,0.2626278380271428,0.3330680461599681,0.2476034897270726,0.1400292499088108,1.7654937905865151,0.9853408456365764,0.1078526591662464
