run_label,seed,shuffled_label_control,dataset,true_support,predicted_support,recall
encoder_seed_2026,2026,False,emg2pose,1343,1132,0.7244973938942666
encoder_seed_2026,2026,False,emg2qwerty,944,1130,0.8305084745762712
encoder_seed_2026,2026,False,harmonic,969,969,1.0
encoder_seed_2026,2026,False,ninapro_db10_meganepro,1255,1253,0.998406374501992
encoder_seed_2026,2026,False,physionet_grabmyo,1255,1257,1.0
encoder_seed_2026,2026,False,physionet_hyser,1255,1280,0.999203187250996
encoder_seed_2026,2027,False,emg2pose,1358,1258,0.7555228276877761
encoder_seed_2026,2027,False,emg2qwerty,902,995,0.7394678492239468
encoder_seed_2026,2027,False,harmonic,1486,1486,1.0
encoder_seed_2026,2027,False,ninapro_db10_meganepro,1252,1252,1.0
encoder_seed_2026,2027,False,physionet_grabmyo,1259,1259,1.0
encoder_seed_2026,2027,False,physionet_hyser,1254,1261,1.0
encoder_seed_2026,2028,False,emg2pose,1353,1202,0.762010347376201
encoder_seed_2026,2028,False,emg2qwerty,901,1050,0.8102108768035516
encoder_seed_2026,2028,False,harmonic,1486,1486,1.0
encoder_seed_2026,2028,False,ninapro_db10_meganepro,1265,1266,1.0
encoder_seed_2026,2028,False,physionet_grabmyo,1291,1290,0.9992254066615028
encoder_seed_2026,2028,False,physionet_hyser,1224,1226,0.9991830065359476
encoder_seed_2026,2029,False,emg2pose,1329,1284,0.8472535741158767
encoder_seed_2026,2029,False,emg2qwerty,902,947,0.8259423503325942
encoder_seed_2026,2029,False,harmonic,1075,1075,1.0
encoder_seed_2026,2029,False,ninapro_db10_meganepro,1272,1272,1.0
encoder_seed_2026,2029,False,physionet_grabmyo,1280,1280,1.0
encoder_seed_2026,2029,False,physionet_hyser,1253,1253,0.9992019154030328
encoder_seed_2026,2030,False,emg2pose,1270,1047,0.7047244094488189
encoder_seed_2026,2030,False,emg2qwerty,1157,1369,0.8634399308556612
encoder_seed_2026,2030,False,harmonic,1295,1296,1.0
encoder_seed_2026,2030,False,ninapro_db10_meganepro,1230,1230,1.0
encoder_seed_2026,2030,False,physionet_grabmyo,1274,1274,0.999215070643642
encoder_seed_2026,2030,False,physionet_hyser,1202,1212,1.0
encoder_seed_2026,2031,False,emg2pose,1291,1144,0.726568551510457
encoder_seed_2026,2031,False,emg2qwerty,915,1037,0.7704918032786885
encoder_seed_2026,2031,False,harmonic,1290,1290,1.0
encoder_seed_2026,2031,False,ninapro_db10_meganepro,1235,1235,1.0
encoder_seed_2026,2031,False,physionet_grabmyo,1272,1272,1.0
encoder_seed_2026,2031,False,physionet_hyser,1233,1258,1.0
encoder_seed_2026,2032,False,emg2pose,1315,1546,0.8517110266159695
encoder_seed_2026,2032,False,emg2qwerty,1124,873,0.6076512455516014
encoder_seed_2026,2032,False,harmonic,1131,1133,1.0
encoder_seed_2026,2032,False,ninapro_db10_meganepro,1242,1242,1.0
encoder_seed_2026,2032,False,physionet_grabmyo,1230,1230,1.0
encoder_seed_2026,2032,False,physionet_hyser,1241,1259,1.0
encoder_seed_2026,2033,False,emg2pose,1324,1536,0.7696374622356495
encoder_seed_2026,2033,False,emg2qwerty,1124,894,0.5275800711743772
encoder_seed_2026,2033,False,harmonic,1450,1452,1.0
encoder_seed_2026,2033,False,ninapro_db10_meganepro,1253,1253,1.0
encoder_seed_2026,2033,False,physionet_grabmyo,1284,1283,0.9992211838006232
encoder_seed_2026,2033,False,physionet_hyser,1279,1296,1.0
encoder_seed_2026,2034,False,emg2pose,1382,1286,0.8335745296671491
encoder_seed_2026,2034,False,emg2qwerty,827,920,0.8367593712212817
encoder_seed_2026,2034,False,harmonic,1268,1268,1.0
encoder_seed_2026,2034,False,ninapro_db10_meganepro,1251,1251,1.0
encoder_seed_2026,2034,False,physionet_grabmyo,1266,1266,1.0
encoder_seed_2026,2034,False,physionet_hyser,1241,1244,0.999194198227236
encoder_seed_2026,2035,False,emg2pose,1368,1262,0.7807017543859649
encoder_seed_2026,2035,False,emg2qwerty,872,971,0.7740825688073395
encoder_seed_2026,2035,False,harmonic,1466,1466,1.0
encoder_seed_2026,2035,False,ninapro_db10_meganepro,1244,1242,0.9983922829581994
encoder_seed_2026,2035,False,physionet_grabmyo,1298,1300,1.0
encoder_seed_2026,2035,False,physionet_hyser,1291,1298,1.0
encoder_seed_2026,2026,True,emg2pose,1343,1181,0.1466865227103499
encoder_seed_2026,2026,True,emg2qwerty,944,973,0.1853813559322034
encoder_seed_2026,2026,True,harmonic,969,1230,0.1021671826625387
encoder_seed_2026,2026,True,ninapro_db10_meganepro,1255,825,0.0701195219123506
encoder_seed_2026,2026,True,physionet_grabmyo,1255,1913,0.1872509960159362
encoder_seed_2026,2026,True,physionet_hyser,1255,899,0.0637450199203187
encoder_seed_2026,2027,True,emg2pose,1358,1221,0.1561119293078056
encoder_seed_2026,2027,True,emg2qwerty,902,1099,0.1541019955654102
encoder_seed_2026,2027,True,harmonic,1486,2160,0.6446837146702558
encoder_seed_2026,2027,True,ninapro_db10_meganepro,1252,741,0.0311501597444089
encoder_seed_2026,2027,True,physionet_grabmyo,1259,1186,0.1461477362986497
encoder_seed_2026,2027,True,physionet_hyser,1254,1104,0.2488038277511961
encoder_seed_2026,2028,True,emg2pose,1353,1031,0.17960088691796
encoder_seed_2026,2028,True,emg2qwerty,901,829,0.1453940066592675
encoder_seed_2026,2028,True,harmonic,1486,1231,0.0753701211305518
encoder_seed_2026,2028,True,ninapro_db10_meganepro,1265,1237,0.1525691699604743
encoder_seed_2026,2028,True,physionet_grabmyo,1291,1775,0.109992254066615
encoder_seed_2026,2028,True,physionet_hyser,1224,1417,0.0571895424836601
encoder_seed_2026,2029,True,emg2pose,1329,1198,0.1587659894657637
encoder_seed_2026,2029,True,emg2qwerty,902,1636,0.1252771618625277
encoder_seed_2026,2029,True,harmonic,1075,1245,0.2455813953488372
encoder_seed_2026,2029,True,ninapro_db10_meganepro,1272,911,0.0896226415094339
encoder_seed_2026,2029,True,physionet_grabmyo,1280,984,0.1921875
encoder_seed_2026,2029,True,physionet_hyser,1253,1137,0.2298483639265762
encoder_seed_2026,2030,True,emg2pose,1270,1224,0.1850393700787401
encoder_seed_2026,2030,True,emg2qwerty,1157,1119,0.1365600691443388
encoder_seed_2026,2030,True,harmonic,1295,1290,0.2648648648648649
encoder_seed_2026,2030,True,ninapro_db10_meganepro,1230,788,0.032520325203252
encoder_seed_2026,2030,True,physionet_grabmyo,1274,1408,0.3602825745682888
encoder_seed_2026,2030,True,physionet_hyser,1202,1599,0.1638935108153078
encoder_seed_2026,2031,True,emg2pose,1291,966,0.1704105344694035
encoder_seed_2026,2031,True,emg2qwerty,915,1014,0.1551912568306011
encoder_seed_2026,2031,True,harmonic,1290,1040,0.0023255813953488
encoder_seed_2026,2031,True,ninapro_db10_meganepro,1235,1083,0.1570850202429149
encoder_seed_2026,2031,True,physionet_grabmyo,1272,1032,0.1328616352201257
encoder_seed_2026,2031,True,physionet_hyser,1233,2101,0.1021897810218978
encoder_seed_2026,2032,True,emg2pose,1315,1049,0.155893536121673
encoder_seed_2026,2032,True,emg2qwerty,1124,1153,0.143238434163701
encoder_seed_2026,2032,True,harmonic,1131,1772,0.8452696728558797
encoder_seed_2026,2032,True,ninapro_db10_meganepro,1242,1272,0.2809983896940419
encoder_seed_2026,2032,True,physionet_grabmyo,1230,1017,0.2056910569105691
encoder_seed_2026,2032,True,physionet_hyser,1241,1020,0.1434327155519742
encoder_seed_2026,2033,True,emg2pose,1324,1373,0.1563444108761329
encoder_seed_2026,2033,True,emg2qwerty,1124,1148,0.1574733096085409
encoder_seed_2026,2033,True,harmonic,1450,1141,0.0068965517241379
encoder_seed_2026,2033,True,ninapro_db10_meganepro,1253,1725,0.0710295291300878
encoder_seed_2026,2033,True,physionet_grabmyo,1284,1252,0.146417445482866
encoder_seed_2026,2033,True,physionet_hyser,1279,1075,0.2971071149335418
encoder_seed_2026,2034,True,emg2pose,1382,1697,0.1570188133140376
encoder_seed_2026,2034,True,emg2qwerty,827,1121,0.2406287787182587
encoder_seed_2026,2034,True,harmonic,1268,1187,0.2042586750788643
encoder_seed_2026,2034,True,ninapro_db10_meganepro,1251,993,0.0839328537170263
encoder_seed_2026,2034,True,physionet_grabmyo,1266,1138,0.2282780410742496
encoder_seed_2026,2034,True,physionet_hyser,1241,1099,0.1184528605962933
encoder_seed_2026,2035,True,emg2pose,1368,891,0.1652046783625731
encoder_seed_2026,2035,True,emg2qwerty,872,1316,0.1169724770642201
encoder_seed_2026,2035,True,harmonic,1466,1235,0.3369713506139154
encoder_seed_2026,2035,True,ninapro_db10_meganepro,1244,847,0.0868167202572347
encoder_seed_2026,2035,True,physionet_grabmyo,1298,1264,0.3189522342064715
encoder_seed_2026,2035,True,physionet_hyser,1291,1986,0.3013168086754454
encoder_seed_2027,2026,False,emg2pose,1343,1128,0.7125837676842889
encoder_seed_2027,2026,False,emg2qwerty,944,1136,0.8167372881355932
encoder_seed_2027,2026,False,harmonic,969,969,1.0
encoder_seed_2027,2026,False,ninapro_db10_meganepro,1255,1254,0.999203187250996
encoder_seed_2027,2026,False,physionet_grabmyo,1255,1257,1.0
encoder_seed_2027,2026,False,physionet_hyser,1255,1277,1.0
encoder_seed_2027,2027,False,emg2pose,1358,1292,0.7628865979381443
encoder_seed_2027,2027,False,emg2qwerty,902,962,0.7128603104212861
encoder_seed_2027,2027,False,harmonic,1486,1487,1.0
encoder_seed_2027,2027,False,ninapro_db10_meganepro,1252,1252,1.0
encoder_seed_2027,2027,False,physionet_grabmyo,1259,1259,1.0
encoder_seed_2027,2027,False,physionet_hyser,1254,1259,1.0
encoder_seed_2027,2028,False,emg2pose,1353,1219,0.7782705099778271
encoder_seed_2027,2028,False,emg2qwerty,901,1030,0.8135405105438401
encoder_seed_2027,2028,False,harmonic,1486,1486,1.0
encoder_seed_2027,2028,False,ninapro_db10_meganepro,1265,1267,1.0
encoder_seed_2027,2028,False,physionet_grabmyo,1291,1291,1.0
encoder_seed_2027,2028,False,physionet_hyser,1224,1227,0.9991830065359476
encoder_seed_2027,2029,False,emg2pose,1329,1267,0.8525206922498119
encoder_seed_2027,2029,False,emg2qwerty,902,963,0.8503325942350333
encoder_seed_2027,2029,False,harmonic,1075,1075,1.0
encoder_seed_2027,2029,False,ninapro_db10_meganepro,1272,1272,1.0
encoder_seed_2027,2029,False,physionet_grabmyo,1280,1280,1.0
encoder_seed_2027,2029,False,physionet_hyser,1253,1254,1.0
encoder_seed_2027,2030,False,emg2pose,1270,1030,0.7094488188976378
encoder_seed_2027,2030,False,emg2qwerty,1157,1389,0.88504753673293
encoder_seed_2027,2030,False,harmonic,1295,1297,1.0
encoder_seed_2027,2030,False,ninapro_db10_meganepro,1230,1230,1.0
encoder_seed_2027,2030,False,physionet_grabmyo,1274,1273,0.999215070643642
encoder_seed_2027,2030,False,physionet_hyser,1202,1209,1.0
encoder_seed_2027,2031,False,emg2pose,1291,1146,0.7296669248644462
encoder_seed_2027,2031,False,emg2qwerty,915,1035,0.7715846994535519
encoder_seed_2027,2031,False,harmonic,1290,1290,1.0
encoder_seed_2027,2031,False,ninapro_db10_meganepro,1235,1235,1.0
encoder_seed_2027,2031,False,physionet_grabmyo,1272,1272,1.0
encoder_seed_2027,2031,False,physionet_hyser,1233,1258,1.0
encoder_seed_2027,2032,False,emg2pose,1315,1523,0.8539923954372624
encoder_seed_2027,2032,False,emg2qwerty,1124,893,0.6281138790035588
encoder_seed_2027,2032,False,harmonic,1131,1134,1.0
encoder_seed_2027,2032,False,ninapro_db10_meganepro,1242,1242,1.0
encoder_seed_2027,2032,False,physionet_grabmyo,1230,1230,1.0
encoder_seed_2027,2032,False,physionet_hyser,1241,1261,1.0
encoder_seed_2027,2033,False,emg2pose,1324,1546,0.7673716012084593
encoder_seed_2027,2033,False,emg2qwerty,1124,874,0.5115658362989324
encoder_seed_2027,2033,False,harmonic,1450,1452,1.0
encoder_seed_2027,2033,False,ninapro_db10_meganepro,1253,1254,1.0
encoder_seed_2027,2033,False,physionet_grabmyo,1284,1286,1.0
encoder_seed_2027,2033,False,physionet_hyser,1279,1302,1.0
encoder_seed_2027,2034,False,emg2pose,1382,1312,0.8350217076700435
encoder_seed_2027,2034,False,emg2qwerty,827,891,0.8053204353083434
encoder_seed_2027,2034,False,harmonic,1268,1270,1.0
encoder_seed_2027,2034,False,ninapro_db10_meganepro,1251,1251,1.0
encoder_seed_2027,2034,False,physionet_grabmyo,1266,1266,1.0
encoder_seed_2027,2034,False,physionet_hyser,1241,1245,1.0
encoder_seed_2027,2035,False,emg2pose,1368,1239,0.7675438596491229
encoder_seed_2027,2035,False,emg2qwerty,872,993,0.7752293577981652
encoder_seed_2027,2035,False,harmonic,1466,1467,1.0
encoder_seed_2027,2035,False,ninapro_db10_meganepro,1244,1246,0.9991961414790996
encoder_seed_2027,2035,False,physionet_grabmyo,1298,1299,0.9992295839753468
encoder_seed_2027,2035,False,physionet_hyser,1291,1295,1.0
encoder_seed_2027,2026,True,emg2pose,1343,1048,0.1422189128816083
encoder_seed_2027,2026,True,emg2qwerty,944,1046,0.1663135593220339
encoder_seed_2027,2026,True,harmonic,969,814,0.1279669762641898
encoder_seed_2027,2026,True,ninapro_db10_meganepro,1255,1719,0.2095617529880478
encoder_seed_2027,2026,True,physionet_grabmyo,1255,1427,0.1768924302788844
encoder_seed_2027,2026,True,physionet_hyser,1255,967,0.0725099601593625
encoder_seed_2027,2027,True,emg2pose,1358,1196,0.166421207658321
encoder_seed_2027,2027,True,emg2qwerty,902,833,0.130820399113082
encoder_seed_2027,2027,True,harmonic,1486,2240,0.8337819650067295
encoder_seed_2027,2027,True,ninapro_db10_meganepro,1252,919,0.0710862619808306
encoder_seed_2027,2027,True,physionet_grabmyo,1259,1105,0.096902303415409
encoder_seed_2027,2027,True,physionet_hyser,1254,1218,0.2926634768740032
encoder_seed_2027,2028,True,emg2pose,1353,1088,0.1921655580192165
encoder_seed_2027,2028,True,emg2qwerty,901,923,0.1753607103218646
encoder_seed_2027,2028,True,harmonic,1486,1535,0.2745625841184387
encoder_seed_2027,2028,True,ninapro_db10_meganepro,1265,1123,0.1604743083003952
encoder_seed_2027,2028,True,physionet_grabmyo,1291,808,0.1270333075135553
encoder_seed_2027,2028,True,physionet_hyser,1224,2043,0.0784313725490196
encoder_seed_2027,2029,True,emg2pose,1329,1470,0.1851015801354401
encoder_seed_2027,2029,True,emg2qwerty,902,1865,0.106430155210643
encoder_seed_2027,2029,True,harmonic,1075,1127,0.0
encoder_seed_2027,2029,True,ninapro_db10_meganepro,1272,742,0.0243710691823899
encoder_seed_2027,2029,True,physionet_grabmyo,1280,957,0.159375
encoder_seed_2027,2029,True,physionet_hyser,1253,950,0.1931364724660814
encoder_seed_2027,2030,True,emg2pose,1270,1213,0.1787401574803149
encoder_seed_2027,2030,True,emg2qwerty,1157,1030,0.1313742437337943
encoder_seed_2027,2030,True,harmonic,1295,2233,0.9266409266409268
encoder_seed_2027,2030,True,ninapro_db10_meganepro,1230,1081,0.156910569105691
encoder_seed_2027,2030,True,physionet_grabmyo,1274,968,0.3430141287284144
encoder_seed_2027,2030,True,physionet_hyser,1202,903,0.1381031613976705
encoder_seed_2027,2031,True,emg2pose,1291,1065,0.1936483346243222
encoder_seed_2027,2031,True,emg2qwerty,915,1078,0.1704918032786885
encoder_seed_2027,2031,True,harmonic,1290,1156,0.0
encoder_seed_2027,2031,True,ninapro_db10_meganepro,1235,964,0.2493927125506073
encoder_seed_2027,2031,True,physionet_grabmyo,1272,1484,0.1045597484276729
encoder_seed_2027,2031,True,physionet_hyser,1233,1489,0.1686942416869424
encoder_seed_2027,2032,True,emg2pose,1315,1055,0.2098859315589353
encoder_seed_2027,2032,True,emg2qwerty,1124,1247,0.1725978647686832
encoder_seed_2027,2032,True,harmonic,1131,1691,0.8505747126436781
encoder_seed_2027,2032,True,ninapro_db10_meganepro,1242,1140,0.2085346215780998
encoder_seed_2027,2032,True,physionet_grabmyo,1230,926,0.2113821138211382
encoder_seed_2027,2032,True,physionet_hyser,1241,1224,0.2224012892828364
encoder_seed_2027,2033,True,emg2pose,1324,1456,0.1767371601208459
encoder_seed_2027,2033,True,emg2qwerty,1124,1783,0.152135231316726
encoder_seed_2027,2033,True,harmonic,1450,1016,0.0158620689655172
encoder_seed_2027,2033,True,ninapro_db10_meganepro,1253,1140,0.2218675179569034
encoder_seed_2027,2033,True,physionet_grabmyo,1284,1161,0.1043613707165109
encoder_seed_2027,2033,True,physionet_hyser,1279,1158,0.3111806098514464
encoder_seed_2027,2034,True,emg2pose,1382,1714,0.1678726483357453
encoder_seed_2027,2034,True,emg2qwerty,827,1077,0.2636033857315598
encoder_seed_2027,2034,True,harmonic,1268,1432,0.1987381703470031
encoder_seed_2027,2034,True,ninapro_db10_meganepro,1251,845,0.0599520383693045
encoder_seed_2027,2034,True,physionet_grabmyo,1266,1252,0.2180094786729857
encoder_seed_2027,2034,True,physionet_hyser,1241,915,0.0983078162771958
encoder_seed_2027,2035,True,emg2pose,1368,789,0.1535087719298245
encoder_seed_2027,2035,True,emg2qwerty,872,2221,0.1502293577981651
encoder_seed_2027,2035,True,harmonic,1466,1282,0.3328785811732606
encoder_seed_2027,2035,True,ninapro_db10_meganepro,1244,1154,0.267684887459807
encoder_seed_2027,2035,True,physionet_grabmyo,1298,1000,0.3158705701078582
encoder_seed_2027,2035,True,physionet_hyser,1291,1093,0.2192099147947327
encoder_seed_2028,2026,False,emg2pose,1343,1153,0.731198808637379
encoder_seed_2028,2026,False,emg2qwerty,944,1109,0.815677966101695
encoder_seed_2028,2026,False,harmonic,969,974,1.0
encoder_seed_2028,2026,False,ninapro_db10_meganepro,1255,1253,0.997609561752988
encoder_seed_2028,2026,False,physionet_grabmyo,1255,1256,1.0
encoder_seed_2028,2026,False,physionet_hyser,1255,1276,1.0
encoder_seed_2028,2027,False,emg2pose,1358,1311,0.7650957290132547
encoder_seed_2028,2027,False,emg2qwerty,902,942,0.6951219512195121
encoder_seed_2028,2027,False,harmonic,1486,1487,1.0
encoder_seed_2028,2027,False,ninapro_db10_meganepro,1252,1253,0.9992012779552716
encoder_seed_2028,2027,False,physionet_grabmyo,1259,1260,1.0
encoder_seed_2028,2027,False,physionet_hyser,1254,1258,1.0
encoder_seed_2028,2028,False,emg2pose,1353,1166,0.7464892830746489
encoder_seed_2028,2028,False,emg2qwerty,901,1081,0.8224195338512763
encoder_seed_2028,2028,False,harmonic,1486,1486,1.0
encoder_seed_2028,2028,False,ninapro_db10_meganepro,1265,1269,1.0
encoder_seed_2028,2028,False,physionet_grabmyo,1291,1292,0.9992254066615028
encoder_seed_2028,2028,False,physionet_hyser,1224,1226,1.0
encoder_seed_2028,2029,False,emg2pose,1329,1269,0.8570353649360422
encoder_seed_2028,2029,False,emg2qwerty,902,958,0.852549889135255
encoder_seed_2028,2029,False,harmonic,1075,1077,1.0
encoder_seed_2028,2029,False,ninapro_db10_meganepro,1272,1272,0.9992138364779874
encoder_seed_2028,2029,False,physionet_grabmyo,1280,1281,1.0
encoder_seed_2028,2029,False,physionet_hyser,1253,1254,1.0
encoder_seed_2028,2030,False,emg2pose,1270,1017,0.6968503937007874
encoder_seed_2028,2030,False,emg2qwerty,1157,1402,0.881590319792567
encoder_seed_2028,2030,False,harmonic,1295,1296,1.0
encoder_seed_2028,2030,False,ninapro_db10_meganepro,1230,1230,1.0
encoder_seed_2028,2030,False,physionet_grabmyo,1274,1274,1.0
encoder_seed_2028,2030,False,physionet_hyser,1202,1209,1.0
encoder_seed_2028,2031,False,emg2pose,1291,1125,0.7095274980635167
encoder_seed_2028,2031,False,emg2qwerty,915,1059,0.7683060109289618
encoder_seed_2028,2031,False,harmonic,1290,1292,1.0
encoder_seed_2028,2031,False,ninapro_db10_meganepro,1235,1235,1.0
encoder_seed_2028,2031,False,physionet_grabmyo,1272,1272,1.0
encoder_seed_2028,2031,False,physionet_hyser,1233,1253,1.0
encoder_seed_2028,2032,False,emg2pose,1315,1530,0.864638783269962
encoder_seed_2028,2032,False,emg2qwerty,1124,889,0.6379003558718861
encoder_seed_2028,2032,False,harmonic,1131,1135,1.0
encoder_seed_2028,2032,False,ninapro_db10_meganepro,1242,1242,1.0
encoder_seed_2028,2032,False,physionet_grabmyo,1230,1230,1.0
encoder_seed_2028,2032,False,physionet_hyser,1241,1257,1.0
encoder_seed_2028,2033,False,emg2pose,1324,1535,0.7711480362537765
encoder_seed_2028,2033,False,emg2qwerty,1124,893,0.5302491103202847
encoder_seed_2028,2033,False,harmonic,1450,1451,1.0
encoder_seed_2028,2033,False,ninapro_db10_meganepro,1253,1253,1.0
encoder_seed_2028,2033,False,physionet_grabmyo,1284,1284,1.0
encoder_seed_2028,2033,False,physionet_hyser,1279,1298,1.0
encoder_seed_2028,2034,False,emg2pose,1382,1327,0.8458755426917511
encoder_seed_2028,2034,False,emg2qwerty,827,877,0.8053204353083434
encoder_seed_2028,2034,False,harmonic,1268,1270,1.0
encoder_seed_2028,2034,False,ninapro_db10_meganepro,1251,1251,0.9992006394884092
encoder_seed_2028,2034,False,physionet_grabmyo,1266,1265,0.9984202211690364
encoder_seed_2028,2034,False,physionet_hyser,1241,1245,1.0
encoder_seed_2028,2035,False,emg2pose,1368,1260,0.7887426900584795
encoder_seed_2028,2035,False,emg2qwerty,872,976,0.7889908256880734
encoder_seed_2028,2035,False,harmonic,1466,1469,1.0
encoder_seed_2028,2035,False,ninapro_db10_meganepro,1244,1243,0.997588424437299
encoder_seed_2028,2035,False,physionet_grabmyo,1298,1299,0.9984591679506932
encoder_seed_2028,2035,False,physionet_hyser,1291,1292,1.0
encoder_seed_2028,2026,True,emg2pose,1343,1082,0.161578555472822
encoder_seed_2028,2026,True,emg2qwerty,944,1192,0.1843220338983051
encoder_seed_2028,2026,True,harmonic,969,1086,0.175438596491228
encoder_seed_2028,2026,True,ninapro_db10_meganepro,1255,1472,0.0860557768924302
encoder_seed_2028,2026,True,physionet_grabmyo,1255,1194,0.1737051792828685
encoder_seed_2028,2026,True,physionet_hyser,1255,995,0.0756972111553784
encoder_seed_2028,2027,True,emg2pose,1358,1132,0.158321060382916
encoder_seed_2028,2027,True,emg2qwerty,902,1110,0.155210643015521
encoder_seed_2028,2027,True,harmonic,1486,2096,0.6944818304172274
encoder_seed_2028,2027,True,ninapro_db10_meganepro,1252,973,0.0838658146964856
encoder_seed_2028,2027,True,physionet_grabmyo,1259,1073,0.1254964257347101
encoder_seed_2028,2027,True,physionet_hyser,1254,1127,0.3022328548644338
encoder_seed_2028,2028,True,emg2pose,1353,877,0.1832963784183296
encoder_seed_2028,2028,True,emg2qwerty,901,1044,0.1675915649278579
encoder_seed_2028,2028,True,harmonic,1486,1180,0.0121130551816958
encoder_seed_2028,2028,True,ninapro_db10_meganepro,1265,1043,0.1122529644268774
encoder_seed_2028,2028,True,physionet_grabmyo,1291,1048,0.1564678543764523
encoder_seed_2028,2028,True,physionet_hyser,1224,2328,0.0318627450980392
encoder_seed_2028,2029,True,emg2pose,1329,1280,0.1888638073739653
encoder_seed_2028,2029,True,emg2qwerty,902,1808,0.1252771618625277
encoder_seed_2028,2029,True,harmonic,1075,871,0.0
encoder_seed_2028,2029,True,ninapro_db10_meganepro,1272,1002,0.0911949685534591
encoder_seed_2028,2029,True,physionet_grabmyo,1280,944,0.1453125
encoder_seed_2028,2029,True,physionet_hyser,1253,1206,0.2442138866719872
encoder_seed_2028,2030,True,emg2pose,1270,1212,0.1866141732283464
encoder_seed_2028,2030,True,emg2qwerty,1157,1076,0.0924805531547104
encoder_seed_2028,2030,True,harmonic,1295,1286,0.2772200772200772
encoder_seed_2028,2030,True,ninapro_db10_meganepro,1230,895,0.0674796747967479
encoder_seed_2028,2030,True,physionet_grabmyo,1274,1211,0.3061224489795918
encoder_seed_2028,2030,True,physionet_hyser,1202,1748,0.1522462562396006
encoder_seed_2028,2031,True,emg2pose,1291,824,0.1843532145623547
encoder_seed_2028,2031,True,emg2qwerty,915,1145,0.1912568306010929
encoder_seed_2028,2031,True,harmonic,1290,947,0.0062015503875968
encoder_seed_2028,2031,True,ninapro_db10_meganepro,1235,982,0.2105263157894736
encoder_seed_2028,2031,True,physionet_grabmyo,1272,1874,0.1383647798742138
encoder_seed_2028,2031,True,physionet_hyser,1233,1464,0.1476074614760746
encoder_seed_2028,2032,True,emg2pose,1315,1174,0.1688212927756654
encoder_seed_2028,2032,True,emg2qwerty,1124,1309,0.2313167259786477
encoder_seed_2028,2032,True,harmonic,1131,1750,0.8470380194518126
encoder_seed_2028,2032,True,ninapro_db10_meganepro,1242,1103,0.2238325281803542
encoder_seed_2028,2032,True,physionet_grabmyo,1230,1061,0.2227642276422764
encoder_seed_2028,2032,True,physionet_hyser,1241,886,0.1651893634165995
encoder_seed_2028,2033,True,emg2pose,1324,1123,0.1805135951661631
encoder_seed_2028,2033,True,emg2qwerty,1124,1882,0.1548042704626334
encoder_seed_2028,2033,True,harmonic,1450,1134,0.0
encoder_seed_2028,2033,True,ninapro_db10_meganepro,1253,1236,0.1843575418994413
encoder_seed_2028,2033,True,physionet_grabmyo,1284,1347,0.1713395638629283
encoder_seed_2028,2033,True,physionet_hyser,1279,992,0.2400312744331509
encoder_seed_2028,2034,True,emg2pose,1382,1716,0.1410998552821997
encoder_seed_2028,2034,True,emg2qwerty,827,1145,0.2599758162031439
encoder_seed_2028,2034,True,harmonic,1268,1415,0.2003154574132492
encoder_seed_2028,2034,True,ninapro_db10_meganepro,1251,873,0.0719424460431654
encoder_seed_2028,2034,True,physionet_grabmyo,1266,1167,0.2251184834123222
encoder_seed_2028,2034,True,physionet_hyser,1241,919,0.0765511684125705
encoder_seed_2028,2035,True,emg2pose,1368,1721,0.1564327485380117
encoder_seed_2028,2035,True,emg2qwerty,872,1226,0.1571100917431192
encoder_seed_2028,2035,True,harmonic,1466,1226,0.3328785811732606
encoder_seed_2028,2035,True,ninapro_db10_meganepro,1244,1067,0.1262057877813504
encoder_seed_2028,2035,True,physionet_grabmyo,1298,1350,0.3798151001540832
encoder_seed_2028,2035,True,physionet_hyser,1291,949,0.1549186676994577
encoder_seed_2029,2026,False,emg2pose,1343,1122,0.7125837676842889
encoder_seed_2029,2026,False,emg2qwerty,944,1138,0.823093220338983
encoder_seed_2029,2026,False,harmonic,969,972,1.0
encoder_seed_2029,2026,False,ninapro_db10_meganepro,1255,1253,0.998406374501992
encoder_seed_2029,2026,False,physionet_grabmyo,1255,1256,0.998406374501992
encoder_seed_2029,2026,False,physionet_hyser,1255,1280,1.0
encoder_seed_2029,2027,False,emg2pose,1358,1309,0.7702503681885126
encoder_seed_2029,2027,False,emg2qwerty,902,941,0.70509977827051
encoder_seed_2029,2027,False,harmonic,1486,1491,1.0
encoder_seed_2029,2027,False,ninapro_db10_meganepro,1252,1253,1.0
encoder_seed_2029,2027,False,physionet_grabmyo,1259,1259,1.0
encoder_seed_2029,2027,False,physionet_hyser,1254,1258,1.0
encoder_seed_2029,2028,False,emg2pose,1353,1186,0.754619364375462
encoder_seed_2029,2028,False,emg2qwerty,901,1056,0.8079911209766926
encoder_seed_2029,2028,False,harmonic,1486,1487,1.0
encoder_seed_2029,2028,False,ninapro_db10_meganepro,1265,1267,1.0
encoder_seed_2029,2028,False,physionet_grabmyo,1291,1297,1.0
encoder_seed_2029,2028,False,physionet_hyser,1224,1227,1.0
encoder_seed_2029,2029,False,emg2pose,1329,1252,0.8419864559819413
encoder_seed_2029,2029,False,emg2qwerty,902,975,0.8492239467849224
encoder_seed_2029,2029,False,harmonic,1075,1075,1.0
encoder_seed_2029,2029,False,ninapro_db10_meganepro,1272,1273,1.0
encoder_seed_2029,2029,False,physionet_grabmyo,1280,1280,1.0
encoder_seed_2029,2029,False,physionet_hyser,1253,1256,1.0
encoder_seed_2029,2030,False,emg2pose,1270,1036,0.7047244094488189
encoder_seed_2029,2030,False,emg2qwerty,1157,1378,0.8720829732065687
encoder_seed_2029,2030,False,harmonic,1295,1299,1.0
encoder_seed_2029,2030,False,ninapro_db10_meganepro,1230,1230,1.0
encoder_seed_2029,2030,False,physionet_grabmyo,1274,1274,1.0
encoder_seed_2029,2030,False,physionet_hyser,1202,1211,1.0
encoder_seed_2029,2031,False,emg2pose,1291,1094,0.7010069713400465
encoder_seed_2029,2031,False,emg2qwerty,915,1089,0.7890710382513662
encoder_seed_2029,2031,False,harmonic,1290,1293,1.0
encoder_seed_2029,2031,False,ninapro_db10_meganepro,1235,1235,1.0
encoder_seed_2029,2031,False,physionet_grabmyo,1272,1270,0.9984276729559748
encoder_seed_2029,2031,False,physionet_hyser,1233,1255,1.0
encoder_seed_2029,2032,False,emg2pose,1315,1516,0.8547528517110267
encoder_seed_2029,2032,False,emg2qwerty,1124,906,0.6432384341637011
encoder_seed_2029,2032,False,harmonic,1131,1135,1.0
encoder_seed_2029,2032,False,ninapro_db10_meganepro,1242,1242,1.0
encoder_seed_2029,2032,False,physionet_grabmyo,1230,1230,1.0
encoder_seed_2029,2032,False,physionet_hyser,1241,1254,1.0
encoder_seed_2029,2033,False,emg2pose,1324,1501,0.7651057401812689
encoder_seed_2029,2033,False,emg2qwerty,1124,929,0.5578291814946619
encoder_seed_2029,2033,False,harmonic,1450,1454,1.0
encoder_seed_2029,2033,False,ninapro_db10_meganepro,1253,1254,1.0
encoder_seed_2029,2033,False,physionet_grabmyo,1284,1284,1.0
encoder_seed_2029,2033,False,physionet_hyser,1279,1292,1.0
encoder_seed_2029,2034,False,emg2pose,1382,1287,0.8429811866859623
encoder_seed_2029,2034,False,emg2qwerty,827,916,0.8512696493349455
encoder_seed_2029,2034,False,harmonic,1268,1272,1.0
encoder_seed_2029,2034,False,ninapro_db10_meganepro,1251,1251,1.0
encoder_seed_2029,2034,False,physionet_grabmyo,1266,1265,0.999210110584518
encoder_seed_2029,2034,False,physionet_hyser,1241,1244,1.0
encoder_seed_2029,2035,False,emg2pose,1368,1262,0.7902046783625731
encoder_seed_2029,2035,False,emg2qwerty,872,968,0.7844036697247706
encoder_seed_2029,2035,False,harmonic,1466,1467,1.0
encoder_seed_2029,2035,False,ninapro_db10_meganepro,1244,1241,0.997588424437299
encoder_seed_2029,2035,False,physionet_grabmyo,1298,1305,0.9992295839753468
encoder_seed_2029,2035,False,physionet_hyser,1291,1296,1.0
encoder_seed_2029,2026,True,emg2pose,1343,1174,0.161578555472822
encoder_seed_2029,2026,True,emg2qwerty,944,921,0.1769067796610169
encoder_seed_2029,2026,True,harmonic,969,922,0.1279669762641898
encoder_seed_2029,2026,True,ninapro_db10_meganepro,1255,1702,0.2055776892430278
encoder_seed_2029,2026,True,physionet_grabmyo,1255,1397,0.1737051792828685
encoder_seed_2029,2026,True,physionet_hyser,1255,905,0.0780876494023904
encoder_seed_2029,2027,True,emg2pose,1358,968,0.1237113402061855
encoder_seed_2029,2027,True,emg2qwerty,902,1314,0.1707317073170731
encoder_seed_2029,2027,True,harmonic,1486,1933,0.6446837146702558
encoder_seed_2029,2027,True,ninapro_db10_meganepro,1252,1011,0.0439297124600639
encoder_seed_2029,2027,True,physionet_grabmyo,1259,1016,0.0992851469420174
encoder_seed_2029,2027,True,physionet_hyser,1254,1269,0.2559808612440191
encoder_seed_2029,2028,True,emg2pose,1353,924,0.2113821138211382
encoder_seed_2029,2028,True,emg2qwerty,901,1282,0.1453940066592675
encoder_seed_2029,2028,True,harmonic,1486,1268,0.0
encoder_seed_2029,2028,True,ninapro_db10_meganepro,1265,1167,0.1549407114624506
encoder_seed_2029,2028,True,physionet_grabmyo,1291,895,0.0952749806351665
encoder_seed_2029,2028,True,physionet_hyser,1224,1984,0.059640522875817
encoder_seed_2029,2029,True,emg2pose,1329,1317,0.1933784800601956
encoder_seed_2029,2029,True,emg2qwerty,902,1895,0.1053215077605321
encoder_seed_2029,2029,True,harmonic,1075,934,0.0
encoder_seed_2029,2029,True,ninapro_db10_meganepro,1272,987,0.1344339622641509
encoder_seed_2029,2029,True,physionet_grabmyo,1280,827,0.1484375
encoder_seed_2029,2029,True,physionet_hyser,1253,1151,0.2075019952114924
encoder_seed_2029,2030,True,emg2pose,1270,1291,0.1779527559055118
encoder_seed_2029,2030,True,emg2qwerty,1157,903,0.1400172860847018
encoder_seed_2029,2030,True,harmonic,1295,1159,0.2223938223938223
encoder_seed_2029,2030,True,ninapro_db10_meganepro,1230,930,0.0772357723577235
encoder_seed_2029,2030,True,physionet_grabmyo,1274,1169,0.3131868131868132
encoder_seed_2029,2030,True,physionet_hyser,1202,1976,0.1755407653910149
encoder_seed_2029,2031,True,emg2pose,1291,918,0.1409759876065066
encoder_seed_2029,2031,True,emg2qwerty,915,839,0.1530054644808743
encoder_seed_2029,2031,True,harmonic,1290,1334,0.0193798449612403
encoder_seed_2029,2031,True,ninapro_db10_meganepro,1235,1162,0.2574898785425101
encoder_seed_2029,2031,True,physionet_grabmyo,1272,959,0.1556603773584905
encoder_seed_2029,2031,True,physionet_hyser,1233,2024,0.1500405515004055
encoder_seed_2029,2032,True,emg2pose,1315,1179,0.1733840304182509
encoder_seed_2029,2032,True,emg2qwerty,1124,1228,0.195729537366548
encoder_seed_2029,2032,True,harmonic,1131,1746,0.8505747126436781
encoder_seed_2029,2032,True,ninapro_db10_meganepro,1242,1032,0.1916264090177133
encoder_seed_2029,2032,True,physionet_grabmyo,1230,986,0.1967479674796748
encoder_seed_2029,2032,True,physionet_hyser,1241,1112,0.153102336825141
encoder_seed_2029,2033,True,emg2pose,1324,1148,0.1601208459214501
encoder_seed_2029,2033,True,emg2qwerty,1124,1773,0.1503558718861209
encoder_seed_2029,2033,True,harmonic,1450,1180,0.0068965517241379
encoder_seed_2029,2033,True,ninapro_db10_meganepro,1253,1141,0.1524341580207502
encoder_seed_2029,2033,True,physionet_grabmyo,1284,1326,0.1666666666666666
encoder_seed_2029,2033,True,physionet_hyser,1279,1146,0.3033620015637217
encoder_seed_2029,2034,True,emg2pose,1382,1682,0.162807525325615
encoder_seed_2029,2034,True,emg2qwerty,827,1046,0.2636033857315598
encoder_seed_2029,2034,True,harmonic,1268,1395,0.2279179810725552
encoder_seed_2029,2034,True,ninapro_db10_meganepro,1251,949,0.1047162270183852
encoder_seed_2029,2034,True,physionet_grabmyo,1266,1063,0.2140600315955766
encoder_seed_2029,2034,True,physionet_hyser,1241,1100,0.136986301369863
encoder_seed_2029,2035,True,emg2pose,1368,951,0.1885964912280701
encoder_seed_2029,2035,True,emg2qwerty,872,1871,0.1364678899082568
encoder_seed_2029,2035,True,harmonic,1466,1062,0.1186903137789904
encoder_seed_2029,2035,True,ninapro_db10_meganepro,1244,1157,0.157556270096463
encoder_seed_2029,2035,True,physionet_grabmyo,1298,1061,0.3536209553158705
encoder_seed_2029,2035,True,physionet_hyser,1291,1437,0.209140201394268
encoder_seed_2030,2026,False,emg2pose,1343,1162,0.731198808637379
encoder_seed_2030,2026,False,emg2qwerty,944,1103,0.8072033898305084
encoder_seed_2030,2026,False,harmonic,969,971,1.0
encoder_seed_2030,2026,False,ninapro_db10_meganepro,1255,1254,0.998406374501992
encoder_seed_2030,2026,False,physionet_grabmyo,1255,1255,1.0
encoder_seed_2030,2026,False,physionet_hyser,1255,1276,1.0
encoder_seed_2030,2027,False,emg2pose,1358,1322,0.780559646539028
encoder_seed_2030,2027,False,emg2qwerty,902,936,0.7084257206208425
encoder_seed_2030,2027,False,harmonic,1486,1487,1.0
encoder_seed_2030,2027,False,ninapro_db10_meganepro,1252,1252,1.0
encoder_seed_2030,2027,False,physionet_grabmyo,1259,1259,1.0
encoder_seed_2030,2027,False,physionet_hyser,1254,1255,1.0
encoder_seed_2030,2028,False,emg2pose,1353,1219,0.7819660014781966
encoder_seed_2030,2028,False,emg2qwerty,901,1030,0.8190899001109878
encoder_seed_2030,2028,False,harmonic,1486,1487,1.0
encoder_seed_2030,2028,False,ninapro_db10_meganepro,1265,1265,1.0
encoder_seed_2030,2028,False,physionet_grabmyo,1291,1291,0.9992254066615028
encoder_seed_2030,2028,False,physionet_hyser,1224,1228,1.0
encoder_seed_2030,2029,False,emg2pose,1329,1272,0.8434913468773514
encoder_seed_2030,2029,False,emg2qwerty,902,957,0.8325942350332595
encoder_seed_2030,2029,False,harmonic,1075,1076,1.0
encoder_seed_2030,2029,False,ninapro_db10_meganepro,1272,1272,1.0
encoder_seed_2030,2029,False,physionet_grabmyo,1280,1280,1.0
encoder_seed_2030,2029,False,physionet_hyser,1253,1254,1.0
encoder_seed_2030,2030,False,emg2pose,1270,1079,0.7259842519685039
encoder_seed_2030,2030,False,emg2qwerty,1157,1339,0.8591184096802075
encoder_seed_2030,2030,False,harmonic,1295,1296,1.0
encoder_seed_2030,2030,False,ninapro_db10_meganepro,1230,1231,1.0
encoder_seed_2030,2030,False,physionet_grabmyo,1274,1274,1.0
encoder_seed_2030,2030,False,physionet_hyser,1202,1209,1.0
encoder_seed_2030,2031,False,emg2pose,1291,1155,0.713400464756003
encoder_seed_2030,2031,False,emg2qwerty,915,1024,0.7398907103825136
encoder_seed_2030,2031,False,harmonic,1290,1290,1.0
encoder_seed_2030,2031,False,ninapro_db10_meganepro,1235,1237,1.0
encoder_seed_2030,2031,False,physionet_grabmyo,1272,1273,1.0
encoder_seed_2030,2031,False,physionet_hyser,1233,1257,1.0
encoder_seed_2030,2032,False,emg2pose,1315,1471,0.847148288973384
encoder_seed_2030,2032,False,emg2qwerty,1124,950,0.6743772241992882
encoder_seed_2030,2032,False,harmonic,1131,1135,1.0
encoder_seed_2030,2032,False,ninapro_db10_meganepro,1242,1242,1.0
encoder_seed_2030,2032,False,physionet_grabmyo,1230,1230,1.0
encoder_seed_2030,2032,False,physionet_hyser,1241,1255,1.0
encoder_seed_2030,2033,False,emg2pose,1324,1466,0.7507552870090635
encoder_seed_2030,2033,False,emg2qwerty,1124,965,0.5720640569395018
encoder_seed_2030,2033,False,harmonic,1450,1452,1.0
encoder_seed_2030,2033,False,ninapro_db10_meganepro,1253,1254,1.0
encoder_seed_2030,2033,False,physionet_grabmyo,1284,1285,1.0
encoder_seed_2030,2033,False,physionet_hyser,1279,1292,1.0
encoder_seed_2030,2034,False,emg2pose,1382,1347,0.8422575976845152
encoder_seed_2030,2034,False,emg2qwerty,827,856,0.7762998790810157
encoder_seed_2030,2034,False,harmonic,1268,1268,1.0
encoder_seed_2030,2034,False,ninapro_db10_meganepro,1251,1251,1.0
encoder_seed_2030,2034,False,physionet_grabmyo,1266,1266,1.0
encoder_seed_2030,2034,False,physionet_hyser,1241,1247,1.0
encoder_seed_2030,2035,False,emg2pose,1368,1235,0.7624269005847953
encoder_seed_2030,2035,False,emg2qwerty,872,993,0.7763761467889908
encoder_seed_2030,2035,False,harmonic,1466,1469,1.0
encoder_seed_2030,2035,False,ninapro_db10_meganepro,1244,1242,0.9983922829581994
encoder_seed_2030,2035,False,physionet_grabmyo,1298,1300,0.9992295839753468
encoder_seed_2030,2035,False,physionet_hyser,1291,1300,1.0
encoder_seed_2030,2026,True,emg2pose,1343,1219,0.1518987341772152
encoder_seed_2030,2026,True,emg2qwerty,944,758,0.1514830508474576
encoder_seed_2030,2026,True,harmonic,969,1058,0.1331269349845201
encoder_seed_2030,2026,True,ninapro_db10_meganepro,1255,1750,0.2039840637450199
encoder_seed_2030,2026,True,physionet_grabmyo,1255,1304,0.2717131474103585
encoder_seed_2030,2026,True,physionet_hyser,1255,932,0.095617529880478
encoder_seed_2030,2027,True,emg2pose,1358,1013,0.1597938144329896
encoder_seed_2030,2027,True,emg2qwerty,902,1145,0.1485587583148558
encoder_seed_2030,2027,True,harmonic,1486,2210,0.7294751009421265
encoder_seed_2030,2027,True,ninapro_db10_meganepro,1252,808,0.0950479233226837
encoder_seed_2030,2027,True,physionet_grabmyo,1259,1094,0.1151707704527402
encoder_seed_2030,2027,True,physionet_hyser,1254,1241,0.2647527910685805
encoder_seed_2030,2028,True,emg2pose,1353,910,0.1729490022172949
encoder_seed_2030,2028,True,emg2qwerty,901,876,0.1620421753607103
encoder_seed_2030,2028,True,harmonic,1486,1513,0.2584118438761776
encoder_seed_2030,2028,True,ninapro_db10_meganepro,1265,1068,0.1312252964426877
encoder_seed_2030,2028,True,physionet_grabmyo,1291,2013,0.1920991479473276
encoder_seed_2030,2028,True,physionet_hyser,1224,1140,0.0776143790849673
encoder_seed_2030,2029,True,emg2pose,1329,1107,0.1948833709556057
encoder_seed_2030,2029,True,emg2qwerty,902,926,0.1175166297117516
encoder_seed_2030,2029,True,harmonic,1075,1183,0.2455813953488372
encoder_seed_2030,2029,True,ninapro_db10_meganepro,1272,926,0.1556603773584905
encoder_seed_2030,2029,True,physionet_grabmyo,1280,1694,0.16328125
encoder_seed_2030,2029,True,physionet_hyser,1253,1275,0.2889066241021548
encoder_seed_2030,2030,True,emg2pose,1270,1127,0.1622047244094488
encoder_seed_2030,2030,True,emg2qwerty,1157,1065,0.1132238547968885
encoder_seed_2030,2030,True,harmonic,1295,1120,0.2223938223938223
encoder_seed_2030,2030,True,ninapro_db10_meganepro,1230,1150,0.0634146341463414
encoder_seed_2030,2030,True,physionet_grabmyo,1274,1351,0.3540031397174254
encoder_seed_2030,2030,True,physionet_hyser,1202,1615,0.1189683860232945
encoder_seed_2030,2031,True,emg2pose,1291,800,0.1649883810999225
encoder_seed_2030,2031,True,emg2qwerty,915,1061,0.1715846994535519
encoder_seed_2030,2031,True,harmonic,1290,844,0.0062015503875968
encoder_seed_2030,2031,True,ninapro_db10_meganepro,1235,1181,0.3554655870445344
encoder_seed_2030,2031,True,physionet_grabmyo,1272,1983,0.1800314465408805
encoder_seed_2030,2031,True,physionet_hyser,1233,1367,0.1930251419302514
encoder_seed_2030,2032,True,emg2pose,1315,958,0.185551330798479
encoder_seed_2030,2032,True,emg2qwerty,1124,1352,0.1628113879003558
encoder_seed_2030,2032,True,harmonic,1131,1804,0.8452696728558797
encoder_seed_2030,2032,True,ninapro_db10_meganepro,1242,1156,0.1296296296296296
encoder_seed_2030,2032,True,physionet_grabmyo,1230,1022,0.216260162601626
encoder_seed_2030,2032,True,physionet_hyser,1241,991,0.1555197421434327
encoder_seed_2030,2033,True,emg2pose,1324,1336,0.1638972809667673
encoder_seed_2030,2033,True,emg2qwerty,1124,1997,0.1574733096085409
encoder_seed_2030,2033,True,harmonic,1450,1126,0.0
encoder_seed_2030,2033,True,ninapro_db10_meganepro,1253,924,0.0893854748603352
encoder_seed_2030,2033,True,physionet_grabmyo,1284,1320,0.1495327102803738
encoder_seed_2030,2033,True,physionet_hyser,1279,1011,0.3369820172009382
encoder_seed_2030,2034,True,emg2pose,1382,1598,0.1845151953690303
encoder_seed_2030,2034,True,emg2qwerty,827,1083,0.2998790810157195
encoder_seed_2030,2034,True,harmonic,1268,1206,0.2279179810725552
encoder_seed_2030,2034,True,ninapro_db10_meganepro,1251,960,0.023181454836131
encoder_seed_2030,2034,True,physionet_grabmyo,1266,1205,0.2527646129541864
encoder_seed_2030,2034,True,physionet_hyser,1241,1183,0.1015310233682514
encoder_seed_2030,2035,True,emg2pose,1368,870,0.1644736842105263
encoder_seed_2030,2035,True,emg2qwerty,872,1930,0.1009174311926605
encoder_seed_2030,2035,True,harmonic,1466,1231,0.3369713506139154
encoder_seed_2030,2035,True,ninapro_db10_meganepro,1244,1338,0.3512861736334405
encoder_seed_2030,2035,True,physionet_grabmyo,1298,1222,0.3551617873651772
encoder_seed_2030,2035,True,physionet_hyser,1291,948,0.209140201394268
