encoder_seed,encoder_run,dataset,protocol,calibration_per_class,model,n_trials,n_units,acc_mean,macro_f1_mean,balanced_acc_mean,n_train_mean,n_test_mean,acc_ci95,macro_f1_ci95,balanced_acc_ci95
2026,journal_confirmatory_3domain_m_weakalign_steps2000_seed2026,physionet_grabmyo,source_plus_calibration,1,pretrained_encoder,430,86,0.1669775523778064,0.1579718709959916,0.1652786820595949,326.6744186046512,262.51162790697674,0.0042489964996807,0.004033072014685,0.0043006250368574
2026,journal_confirmatory_3domain_m_weakalign_steps2000_seed2026,physionet_grabmyo,source_plus_calibration,1,raw_stats,430,86,0.1845375375482839,0.1704047026136427,0.1836361932693832,326.6744186046512,262.51162790697674,0.003748214311932,0.0036324944657793,0.0036969363091065
2026,journal_confirmatory_3domain_m_weakalign_steps2000_seed2026,physionet_grabmyo,source_plus_calibration,1,raw_stats_plus_pretrained,430,86,0.179343493064503,0.1709351667756107,0.178137782213974,326.6744186046512,262.51162790697674,0.004501819991596,0.00440576400106,0.0045568537127625
2026,journal_confirmatory_3domain_m_weakalign_steps2000_seed2026,physionet_grabmyo,source_plus_calibration,1,scratch_encoder,430,86,0.1669151091424423,0.1581535872555874,0.1660992828360189,326.6744186046512,262.51162790697674,0.0043035340304399,0.0041450067967305,0.0042939962846667
2026,journal_confirmatory_3domain_m_weakalign_steps2000_seed2026,physionet_grabmyo,source_plus_calibration,2,pretrained_encoder,430,86,0.1681669236844294,0.1590163687392149,0.1675109121962534,343.66511627906976,252.3046511627907,0.0043087094166012,0.0041214580440067,0.0043554288780335
2026,journal_confirmatory_3domain_m_weakalign_steps2000_seed2026,physionet_grabmyo,source_plus_calibration,2,raw_stats,430,86,0.193315285892821,0.1779562647042935,0.1917410904265431,343.66511627906976,252.3046511627907,0.0040179286820824,0.0037528376510374,0.0039372927376701
2026,journal_confirmatory_3domain_m_weakalign_steps2000_seed2026,physionet_grabmyo,source_plus_calibration,2,raw_stats_plus_pretrained,430,86,0.1843895267608303,0.1757845260094528,0.1841429645629084,343.66511627906976,252.3046511627907,0.0047492744037368,0.0046089510005824,0.0048221235934376
2026,journal_confirmatory_3domain_m_weakalign_steps2000_seed2026,physionet_grabmyo,source_plus_calibration,2,scratch_encoder,430,86,0.1726807101311787,0.1634025613233506,0.1722090133332645,343.66511627906976,252.3046511627907,0.0043943943114651,0.0041967009979879,0.0044033562403785
2026,journal_confirmatory_3domain_m_weakalign_steps2000_seed2026,physionet_grabmyo,source_plus_calibration,5,pretrained_encoder,430,86,0.1847455068280803,0.1737393162200161,0.1869194460084365,394.4139534883721,203.24883720930237,0.0045420779819573,0.0044616937371678,0.004851253952001
2026,journal_confirmatory_3domain_m_weakalign_steps2000_seed2026,physionet_grabmyo,source_plus_calibration,5,raw_stats,430,86,0.2142105264063439,0.1945970697510462,0.2136107715039376,394.4139534883721,203.24883720930237,0.0042464650347684,0.0038652209344219,0.0042246999343733
2026,journal_confirmatory_3domain_m_weakalign_steps2000_seed2026,physionet_grabmyo,source_plus_calibration,5,raw_stats_plus_pretrained,430,86,0.1991217670373327,0.1884429533511009,0.2014912310996267,394.4139534883721,203.24883720930237,0.0048498959845639,0.0046805757469498,0.0050055763074741
2026,journal_confirmatory_3domain_m_weakalign_steps2000_seed2026,physionet_grabmyo,source_plus_calibration,5,scratch_encoder,430,86,0.1896815475531984,0.1779030076655703,0.1914733021073584,394.4139534883721,203.24883720930237,0.0048107509348826,0.0046123595194759,0.0050795311823177
2026,journal_confirmatory_3domain_m_weakalign_steps2000_seed2026,physionet_grabmyo,source_plus_calibration,10,pretrained_encoder,430,86,0.2216182188706554,0.1890528934300508,0.2252234470933363,461.6581395348837,118.4906976744186,0.006088594792615,0.0053491502762944,0.0064096109089537
2026,journal_confirmatory_3domain_m_weakalign_steps2000_seed2026,physionet_grabmyo,source_plus_calibration,10,raw_stats,430,86,0.2486274699943831,0.2048823891078832,0.2501729285888949,461.6581395348837,118.4906976744186,0.0054646337103051,0.0047226305204074,0.005704963897765
2026,journal_confirmatory_3domain_m_weakalign_steps2000_seed2026,physionet_grabmyo,source_plus_calibration,10,raw_stats_plus_pretrained,430,86,0.2335732415064582,0.2011952311225349,0.236306577793549,461.6581395348837,118.4906976744186,0.0060429083128787,0.0054466328080589,0.0063837991604747
2026,journal_confirmatory_3domain_m_weakalign_steps2000_seed2026,physionet_grabmyo,source_plus_calibration,10,scratch_encoder,430,86,0.2171708032845255,0.1839242405578834,0.2181971142132647,461.6581395348837,118.4906976744186,0.0060736974487943,0.00538574529195,0.0064586663650571
2026,journal_confirmatory_3domain_m_weakalign_steps2000_seed2026,physionet_hyser,source_plus_calibration,1,pretrained_encoder,100,20,0.0629049219770705,0.0589575180681241,0.0632076245744638,1028.9,864.11,0.0039320120157428,0.003687802486336,0.0039453827421884
2026,journal_confirmatory_3domain_m_weakalign_steps2000_seed2026,physionet_hyser,source_plus_calibration,1,raw_stats,100,20,0.0705931614625412,0.0602162660627772,0.0716701099647157,1028.9,864.11,0.0038434629969872,0.0034170798388929,0.0039341313462427
2026,journal_confirmatory_3domain_m_weakalign_steps2000_seed2026,physionet_hyser,source_plus_calibration,1,raw_stats_plus_pretrained,100,20,0.0740077234487812,0.0693783775903073,0.0742652273298176,1028.9,864.11,0.0051807563044329,0.0046031389874701,0.0051658929613805
2026,journal_confirmatory_3domain_m_weakalign_steps2000_seed2026,physionet_hyser,source_plus_calibration,1,scratch_encoder,100,20,0.061546908311437,0.0573359537568294,0.0616436819651187,1028.9,864.11,0.0041107443035247,0.0037747832690823,0.0040224318287968
2026,journal_confirmatory_3domain_m_weakalign_steps2000_seed2026,physionet_hyser,source_plus_calibration,2,pretrained_encoder,100,20,0.0692741117208956,0.065236803072952,0.0704623251288698,1062.65,835.77,0.004013253006009,0.0037572821026877,0.0041208559768431
2026,journal_confirmatory_3domain_m_weakalign_steps2000_seed2026,physionet_hyser,source_plus_calibration,2,raw_stats,100,20,0.0776763710097519,0.067191874680115,0.0785720413345655,1062.65,835.77,0.0040435825341931,0.0035259010435181,0.004193930386012
2026,journal_confirmatory_3domain_m_weakalign_steps2000_seed2026,physionet_hyser,source_plus_calibration,2,raw_stats_plus_pretrained,100,20,0.0805286214609995,0.0766430979179262,0.0811850065159528,1062.65,835.77,0.0051742338467834,0.0048572238863483,0.0053306913815763
2026,journal_confirmatory_3domain_m_weakalign_steps2000_seed2026,physionet_hyser,source_plus_calibration,2,scratch_encoder,100,20,0.0670530948094267,0.0629882170316975,0.0675384230012806,1062.65,835.77,0.0041638455490477,0.0037897506703264,0.0041495583137476
2026,journal_confirmatory_3domain_m_weakalign_steps2000_seed2026,physionet_hyser,source_plus_calibration,5,pretrained_encoder,100,20,0.0836965975225816,0.0783377526824168,0.0844694249705683,1163.65,707.96,0.0047902720467374,0.0045877538678233,0.0050205354307925
2026,journal_confirmatory_3domain_m_weakalign_steps2000_seed2026,physionet_hyser,source_plus_calibration,5,raw_stats,100,20,0.0920402486241293,0.0803149167225171,0.0924339912640363,1163.65,707.96,0.0042503810738443,0.0033944202004866,0.0042067628476317
2026,journal_confirmatory_3domain_m_weakalign_steps2000_seed2026,physionet_hyser,source_plus_calibration,5,raw_stats_plus_pretrained,100,20,0.1012619095465222,0.0950931806935271,0.1028381624669469,1163.65,707.96,0.00661423576649,0.0060641669365735,0.0067649223987599
2026,journal_confirmatory_3domain_m_weakalign_steps2000_seed2026,physionet_hyser,source_plus_calibration,5,scratch_encoder,100,20,0.0811977531148479,0.075635316084566,0.0818004089040789,1163.65,707.96,0.0045702443294706,0.0041974312809154,0.0045326942473305
2026,journal_confirmatory_3domain_m_weakalign_steps2000_seed2026,physionet_hyser,source_plus_calibration,10,pretrained_encoder,100,20,0.1050658952691813,0.0987193564299174,0.1100959009133557,1330.79,555.45,0.0061694042534305,0.0058793398382461,0.0071357024412816
2026,journal_confirmatory_3domain_m_weakalign_steps2000_seed2026,physionet_hyser,source_plus_calibration,10,raw_stats,100,20,0.1130219118652282,0.0984734588613404,0.1140947085687556,1330.79,555.45,0.0045425623897064,0.0043104363993131,0.0048488225760818
2026,journal_confirmatory_3domain_m_weakalign_steps2000_seed2026,physionet_hyser,source_plus_calibration,10,raw_stats_plus_pretrained,100,20,0.1254128048342521,0.1173913131000726,0.131910693117546,1330.79,555.45,0.0076986465217139,0.0076753028922922,0.0088471558318248
2026,journal_confirmatory_3domain_m_weakalign_steps2000_seed2026,physionet_hyser,source_plus_calibration,10,scratch_encoder,100,20,0.0971984202911359,0.0882373628627607,0.099510661150221,1330.79,555.45,0.0058652642833341,0.0052455899364543,0.0063610641829589
2027,journal_confirmatory_3domain_m_weakalign_steps2000_seed2027,physionet_grabmyo,source_plus_calibration,1,pretrained_encoder,430,86,0.1679008685510019,0.1591556338076684,0.166257585274011,326.6744186046512,262.51162790697674,0.0043678380803077,0.004141438637108,0.0043899875978338
2027,journal_confirmatory_3domain_m_weakalign_steps2000_seed2027,physionet_grabmyo,source_plus_calibration,1,raw_stats,430,86,0.1845375375482839,0.1704047026136427,0.1836361932693832,326.6744186046512,262.51162790697674,0.003748214311932,0.0036324944657793,0.0036969363091065
2027,journal_confirmatory_3domain_m_weakalign_steps2000_seed2027,physionet_grabmyo,source_plus_calibration,1,raw_stats_plus_pretrained,430,86,0.1784568854362983,0.1698106170933483,0.177382415489521,326.6744186046512,262.51162790697674,0.0045165417411775,0.0043226815456934,0.0044893897917161
2027,journal_confirmatory_3domain_m_weakalign_steps2000_seed2027,physionet_grabmyo,source_plus_calibration,1,scratch_encoder,430,86,0.1669151091424423,0.1581535872555874,0.1660992828360189,326.6744186046512,262.51162790697674,0.0043035340304399,0.0041450067967305,0.0042939962846667
2027,journal_confirmatory_3domain_m_weakalign_steps2000_seed2027,physionet_grabmyo,source_plus_calibration,2,pretrained_encoder,430,86,0.1745054622827602,0.164799460583959,0.1730948688752055,343.66511627906976,252.3046511627907,0.004370864106316,0.0041402136782033,0.0043408546935488
2027,journal_confirmatory_3domain_m_weakalign_steps2000_seed2027,physionet_grabmyo,source_plus_calibration,2,raw_stats,430,86,0.193315285892821,0.1779562647042935,0.1917410904265431,343.66511627906976,252.3046511627907,0.0040179286820824,0.0037528376510374,0.0039372927376701
2027,journal_confirmatory_3domain_m_weakalign_steps2000_seed2027,physionet_grabmyo,source_plus_calibration,2,raw_stats_plus_pretrained,430,86,0.1852364949106806,0.175663112831211,0.1845950359573402,343.66511627906976,252.3046511627907,0.0045476864758524,0.0043647911418268,0.0045898155604884
2027,journal_confirmatory_3domain_m_weakalign_steps2000_seed2027,physionet_grabmyo,source_plus_calibration,2,scratch_encoder,430,86,0.1726807101311787,0.1634025613233506,0.1722090133332645,343.66511627906976,252.3046511627907,0.0043943943114651,0.0041967009979879,0.0044033562403785
2027,journal_confirmatory_3domain_m_weakalign_steps2000_seed2027,physionet_grabmyo,source_plus_calibration,5,pretrained_encoder,430,86,0.1906585477056854,0.1784586173244244,0.1903874392077521,394.4139534883721,203.24883720930237,0.0051658080740122,0.0049232553211016,0.00530783110576
2027,journal_confirmatory_3domain_m_weakalign_steps2000_seed2027,physionet_grabmyo,source_plus_calibration,5,raw_stats,430,86,0.2142105264063439,0.1945970697510462,0.2136107715039376,394.4139534883721,203.24883720930237,0.0042464650347684,0.0038652209344219,0.0042246999343733
2027,journal_confirmatory_3domain_m_weakalign_steps2000_seed2027,physionet_grabmyo,source_plus_calibration,5,raw_stats_plus_pretrained,430,86,0.2013973450890596,0.1900562037851972,0.2028811693223307,394.4139534883721,203.24883720930237,0.0052079253184552,0.0049688671982435,0.0053096134735733
2027,journal_confirmatory_3domain_m_weakalign_steps2000_seed2027,physionet_grabmyo,source_plus_calibration,5,scratch_encoder,430,86,0.1896815475531984,0.1779030076655703,0.1914733021073584,394.4139534883721,203.24883720930237,0.0048107509348826,0.0046123595194759,0.0050795311823177
2027,journal_confirmatory_3domain_m_weakalign_steps2000_seed2027,physionet_grabmyo,source_plus_calibration,10,pretrained_encoder,430,86,0.2197703404024489,0.1857871515286237,0.2198915740561318,461.6581395348837,118.4906976744186,0.0061661475985293,0.0054079968130384,0.0064219439056423
2027,journal_confirmatory_3domain_m_weakalign_steps2000_seed2027,physionet_grabmyo,source_plus_calibration,10,raw_stats,430,86,0.2486274699943831,0.2048823891078832,0.2501729285888949,461.6581395348837,118.4906976744186,0.0054646337103051,0.0047226305204074,0.005704963897765
2027,journal_confirmatory_3domain_m_weakalign_steps2000_seed2027,physionet_grabmyo,source_plus_calibration,10,raw_stats_plus_pretrained,430,86,0.2337504146584922,0.1998816851804484,0.2365522152444615,461.6581395348837,118.4906976744186,0.0064375938482127,0.0057271188130493,0.0067704916653404
2027,journal_confirmatory_3domain_m_weakalign_steps2000_seed2027,physionet_grabmyo,source_plus_calibration,10,scratch_encoder,430,86,0.2171708032845255,0.1839242405578834,0.2181971142132647,461.6581395348837,118.4906976744186,0.0060736974487943,0.00538574529195,0.0064586663650571
2027,journal_confirmatory_3domain_m_weakalign_steps2000_seed2027,physionet_hyser,source_plus_calibration,1,pretrained_encoder,100,20,0.0663082789554435,0.0613261021189753,0.0669673611282632,1028.9,864.11,0.0037234552068372,0.0033945826884381,0.0038140671936204
2027,journal_confirmatory_3domain_m_weakalign_steps2000_seed2027,physionet_hyser,source_plus_calibration,1,raw_stats,100,20,0.0705931614625412,0.0602162660627772,0.0716701099647157,1028.9,864.11,0.0038434629969872,0.0034170798388929,0.0039341313462427
2027,journal_confirmatory_3domain_m_weakalign_steps2000_seed2027,physionet_hyser,source_plus_calibration,1,raw_stats_plus_pretrained,100,20,0.0760078165629883,0.0702941796950224,0.0761459805464594,1028.9,864.11,0.0043104164401139,0.0042057569093777,0.0044079117038792
2027,journal_confirmatory_3domain_m_weakalign_steps2000_seed2027,physionet_hyser,source_plus_calibration,1,scratch_encoder,100,20,0.061546908311437,0.0573359537568294,0.0616436819651187,1028.9,864.11,0.0041107443035247,0.0037747832690823,0.0040224318287968
2027,journal_confirmatory_3domain_m_weakalign_steps2000_seed2027,physionet_hyser,source_plus_calibration,2,pretrained_encoder,100,20,0.0723363759635676,0.0679404550343791,0.0735495698728627,1062.65,835.77,0.0031448414997076,0.0030230221272391,0.0034431414778963
2027,journal_confirmatory_3domain_m_weakalign_steps2000_seed2027,physionet_hyser,source_plus_calibration,2,raw_stats,100,20,0.0776763710097519,0.067191874680115,0.0785720413345655,1062.65,835.77,0.0040435825341931,0.0035259010435181,0.004193930386012
2027,journal_confirmatory_3domain_m_weakalign_steps2000_seed2027,physionet_hyser,source_plus_calibration,2,raw_stats_plus_pretrained,100,20,0.0839841446700205,0.0788645594059756,0.0852000032871538,1062.65,835.77,0.0045446948342904,0.0044281304173162,0.0047218558635357
2027,journal_confirmatory_3domain_m_weakalign_steps2000_seed2027,physionet_hyser,source_plus_calibration,2,scratch_encoder,100,20,0.0670530948094267,0.0629882170316975,0.0675384230012806,1062.65,835.77,0.0041638455490477,0.0037897506703264,0.0041495583137476
2027,journal_confirmatory_3domain_m_weakalign_steps2000_seed2027,physionet_hyser,source_plus_calibration,5,pretrained_encoder,100,20,0.0804117951305333,0.0749592835208712,0.0814443513103433,1163.65,707.96,0.004517754447377,0.0041722596828526,0.0047880612754362
2027,journal_confirmatory_3domain_m_weakalign_steps2000_seed2027,physionet_hyser,source_plus_calibration,5,raw_stats,100,20,0.0920402486241293,0.0803149167225171,0.0924339912640363,1163.65,707.96,0.0042503810738443,0.0033944202004866,0.0042067628476317
2027,journal_confirmatory_3domain_m_weakalign_steps2000_seed2027,physionet_hyser,source_plus_calibration,5,raw_stats_plus_pretrained,100,20,0.0984343156666544,0.0919991383256725,0.0991123495277856,1163.65,707.96,0.0053370546641126,0.0050707773150147,0.0055380339073733
2027,journal_confirmatory_3domain_m_weakalign_steps2000_seed2027,physionet_hyser,source_plus_calibration,5,scratch_encoder,100,20,0.0811977531148479,0.075635316084566,0.0818004089040789,1163.65,707.96,0.0045702443294706,0.0041974312809154,0.0045326942473305
2027,journal_confirmatory_3domain_m_weakalign_steps2000_seed2027,physionet_hyser,source_plus_calibration,10,pretrained_encoder,100,20,0.100332946361231,0.0926641932055339,0.1029610805796765,1330.79,555.45,0.0050658908375844,0.0047564452552232,0.0056499779183343
2027,journal_confirmatory_3domain_m_weakalign_steps2000_seed2027,physionet_hyser,source_plus_calibration,10,raw_stats,100,20,0.1130219118652282,0.0984734588613404,0.1140947085687556,1330.79,555.45,0.0045425623897064,0.0043104363993131,0.0048488225760818
2027,journal_confirmatory_3domain_m_weakalign_steps2000_seed2027,physionet_hyser,source_plus_calibration,10,raw_stats_plus_pretrained,100,20,0.1235219885563897,0.1155579095682332,0.1280120880761715,1330.79,555.45,0.0062927052635159,0.0060975064267766,0.00692891958542
2027,journal_confirmatory_3domain_m_weakalign_steps2000_seed2027,physionet_hyser,source_plus_calibration,10,scratch_encoder,100,20,0.0971984202911359,0.0882373628627607,0.099510661150221,1330.79,555.45,0.0058652642833341,0.0052455899364543,0.0063610641829589
2028,journal_confirmatory_3domain_m_weakalign_steps2000_seed2028,physionet_grabmyo,source_plus_calibration,1,pretrained_encoder,430,86,0.1691348222852879,0.1605992675829353,0.167919043351663,326.6744186046512,262.51162790697674,0.0044603363231906,0.0041276083898842,0.004385240613047
2028,journal_confirmatory_3domain_m_weakalign_steps2000_seed2028,physionet_grabmyo,source_plus_calibration,1,raw_stats,430,86,0.1845375375482839,0.1704047026136427,0.1836361932693832,326.6744186046512,262.51162790697674,0.003748214311932,0.0036324944657793,0.0036969363091065
2028,journal_confirmatory_3domain_m_weakalign_steps2000_seed2028,physionet_grabmyo,source_plus_calibration,1,raw_stats_plus_pretrained,430,86,0.185174132400347,0.175943409313404,0.1831573718388336,326.6744186046512,262.51162790697674,0.0048620543742142,0.0045944544626453,0.0047565033751399
2028,journal_confirmatory_3domain_m_weakalign_steps2000_seed2028,physionet_grabmyo,source_plus_calibration,1,scratch_encoder,430,86,0.1669151091424423,0.1581535872555874,0.1660992828360189,326.6744186046512,262.51162790697674,0.0043035340304399,0.0041450067967305,0.0042939962846667
2028,journal_confirmatory_3domain_m_weakalign_steps2000_seed2028,physionet_grabmyo,source_plus_calibration,2,pretrained_encoder,430,86,0.1760532952289851,0.1670101439794982,0.1751249723867694,343.66511627906976,252.3046511627907,0.0047732786071721,0.0045522638944052,0.0047110884904958
2028,journal_confirmatory_3domain_m_weakalign_steps2000_seed2028,physionet_grabmyo,source_plus_calibration,2,raw_stats,430,86,0.193315285892821,0.1779562647042935,0.1917410904265431,343.66511627906976,252.3046511627907,0.0040179286820824,0.0037528376510374,0.0039372927376701
2028,journal_confirmatory_3domain_m_weakalign_steps2000_seed2028,physionet_grabmyo,source_plus_calibration,2,raw_stats_plus_pretrained,430,86,0.1910254762589821,0.1818217851867646,0.1900438632438721,343.66511627906976,252.3046511627907,0.0048483982635841,0.0046866299651944,0.0048094642603733
2028,journal_confirmatory_3domain_m_weakalign_steps2000_seed2028,physionet_grabmyo,source_plus_calibration,2,scratch_encoder,430,86,0.1726807101311787,0.1634025613233506,0.1722090133332645,343.66511627906976,252.3046511627907,0.0043943943114651,0.0041967009979879,0.0044033562403785
2028,journal_confirmatory_3domain_m_weakalign_steps2000_seed2028,physionet_grabmyo,source_plus_calibration,5,pretrained_encoder,430,86,0.1880483642153532,0.1767867186016083,0.1900219517469547,394.4139534883721,203.24883720930237,0.0048601653927263,0.0046041238056227,0.0049264936780956
2028,journal_confirmatory_3domain_m_weakalign_steps2000_seed2028,physionet_grabmyo,source_plus_calibration,5,raw_stats,430,86,0.2142105264063439,0.1945970697510462,0.2136107715039376,394.4139534883721,203.24883720930237,0.0042464650347684,0.0038652209344219,0.0042246999343733
2028,journal_confirmatory_3domain_m_weakalign_steps2000_seed2028,physionet_grabmyo,source_plus_calibration,5,raw_stats_plus_pretrained,430,86,0.2013948956345773,0.1896867724697921,0.2022611106498307,394.4139534883721,203.24883720930237,0.0049963021856094,0.0047352281291795,0.0050693842529657
2028,journal_confirmatory_3domain_m_weakalign_steps2000_seed2028,physionet_grabmyo,source_plus_calibration,5,scratch_encoder,430,86,0.1896815475531984,0.1779030076655703,0.1914733021073584,394.4139534883721,203.24883720930237,0.0048107509348826,0.0046123595194759,0.0050795311823177
2028,journal_confirmatory_3domain_m_weakalign_steps2000_seed2028,physionet_grabmyo,source_plus_calibration,10,pretrained_encoder,430,86,0.220302346721736,0.1880109853651099,0.2226379779488439,461.6581395348837,118.4906976744186,0.0064998144347761,0.0056271509487412,0.0067477043719414
2028,journal_confirmatory_3domain_m_weakalign_steps2000_seed2028,physionet_grabmyo,source_plus_calibration,10,raw_stats,430,86,0.2486274699943831,0.2048823891078832,0.2501729285888949,461.6581395348837,118.4906976744186,0.0054646337103051,0.0047226305204074,0.005704963897765
2028,journal_confirmatory_3domain_m_weakalign_steps2000_seed2028,physionet_grabmyo,source_plus_calibration,10,raw_stats_plus_pretrained,430,86,0.2369913024512791,0.2037011615902566,0.2387242180719393,461.6581395348837,118.4906976744186,0.0069037408114549,0.0059602588860673,0.0069888923579949
2028,journal_confirmatory_3domain_m_weakalign_steps2000_seed2028,physionet_grabmyo,source_plus_calibration,10,scratch_encoder,430,86,0.2171708032845255,0.1839242405578834,0.2181971142132647,461.6581395348837,118.4906976744186,0.0060736974487943,0.00538574529195,0.0064586663650571
2028,journal_confirmatory_3domain_m_weakalign_steps2000_seed2028,physionet_hyser,source_plus_calibration,1,pretrained_encoder,100,20,0.0618290649389567,0.057997556262808,0.0618709213085962,1028.9,864.11,0.004118547047565,0.0039059862666443,0.0040605601780633
2028,journal_confirmatory_3domain_m_weakalign_steps2000_seed2028,physionet_hyser,source_plus_calibration,1,raw_stats,100,20,0.0705931614625412,0.0602162660627772,0.0716701099647157,1028.9,864.11,0.0038434629969872,0.0034170798388929,0.0039341313462427
2028,journal_confirmatory_3domain_m_weakalign_steps2000_seed2028,physionet_hyser,source_plus_calibration,1,raw_stats_plus_pretrained,100,20,0.0722065523575921,0.0670992870090708,0.0723808820119942,1028.9,864.11,0.0048272884381994,0.0045922911523898,0.0048109094168689
2028,journal_confirmatory_3domain_m_weakalign_steps2000_seed2028,physionet_hyser,source_plus_calibration,1,scratch_encoder,100,20,0.061546908311437,0.0573359537568294,0.0616436819651187,1028.9,864.11,0.0041107443035247,0.0037747832690823,0.0040224318287968
2028,journal_confirmatory_3domain_m_weakalign_steps2000_seed2028,physionet_hyser,source_plus_calibration,2,pretrained_encoder,100,20,0.0711331782557203,0.0662813124451709,0.0711973333085985,1062.65,835.77,0.0043678979826545,0.0041502708592273,0.0043982622096176
2028,journal_confirmatory_3domain_m_weakalign_steps2000_seed2028,physionet_hyser,source_plus_calibration,2,raw_stats,100,20,0.0776763710097519,0.067191874680115,0.0785720413345655,1062.65,835.77,0.0040435825341931,0.0035259010435181,0.004193930386012
2028,journal_confirmatory_3domain_m_weakalign_steps2000_seed2028,physionet_hyser,source_plus_calibration,2,raw_stats_plus_pretrained,100,20,0.0842182134599613,0.0791302969543146,0.0846677919361061,1062.65,835.77,0.0050696071377527,0.0048588743018151,0.0050863674457717
2028,journal_confirmatory_3domain_m_weakalign_steps2000_seed2028,physionet_hyser,source_plus_calibration,2,scratch_encoder,100,20,0.0670530948094267,0.0629882170316975,0.0675384230012806,1062.65,835.77,0.0041638455490477,0.0037897506703264,0.0041495583137476
2028,journal_confirmatory_3domain_m_weakalign_steps2000_seed2028,physionet_hyser,source_plus_calibration,5,pretrained_encoder,100,20,0.0839839053340408,0.0778996025049179,0.0838892582222875,1163.65,707.96,0.0052154557404278,0.0050790049983641,0.0053146025412636
2028,journal_confirmatory_3domain_m_weakalign_steps2000_seed2028,physionet_hyser,source_plus_calibration,5,raw_stats,100,20,0.0920402486241293,0.0803149167225171,0.0924339912640363,1163.65,707.96,0.0042503810738443,0.0033944202004866,0.0042067628476317
2028,journal_confirmatory_3domain_m_weakalign_steps2000_seed2028,physionet_hyser,source_plus_calibration,5,raw_stats_plus_pretrained,100,20,0.1006427342074379,0.0928128571545943,0.1008675907439224,1163.65,707.96,0.00573248638828,0.0054186856547469,0.0059878812228785
2028,journal_confirmatory_3domain_m_weakalign_steps2000_seed2028,physionet_hyser,source_plus_calibration,5,scratch_encoder,100,20,0.0811977531148479,0.075635316084566,0.0818004089040789,1163.65,707.96,0.0045702443294706,0.0041974312809154,0.0045326942473305
2028,journal_confirmatory_3domain_m_weakalign_steps2000_seed2028,physionet_hyser,source_plus_calibration,10,pretrained_encoder,100,20,0.1054551745518753,0.0966758786174611,0.1075580971815973,1330.79,555.45,0.0068383371180085,0.0061439601498699,0.0068527361329042
2028,journal_confirmatory_3domain_m_weakalign_steps2000_seed2028,physionet_hyser,source_plus_calibration,10,raw_stats,100,20,0.1130219118652282,0.0984734588613404,0.1140947085687556,1330.79,555.45,0.0045425623897064,0.0043104363993131,0.0048488225760818
2028,journal_confirmatory_3domain_m_weakalign_steps2000_seed2028,physionet_hyser,source_plus_calibration,10,raw_stats_plus_pretrained,100,20,0.1254702894872392,0.1158965355940052,0.1295525456183587,1330.79,555.45,0.0076237795929351,0.0071425037513417,0.0078367432838373
2028,journal_confirmatory_3domain_m_weakalign_steps2000_seed2028,physionet_hyser,source_plus_calibration,10,scratch_encoder,100,20,0.0971984202911359,0.0882373628627607,0.099510661150221,1330.79,555.45,0.0058652642833341,0.0052455899364543,0.0063610641829589
2029,journal_confirmatory_3domain_m_weakalign_steps2000_seed2029,physionet_grabmyo,source_plus_calibration,1,pretrained_encoder,430,86,0.1671255313397605,0.1581749059838609,0.1666406961719991,326.6744186046512,262.51162790697674,0.0042963260949951,0.0041960859295545,0.004394615723384
2029,journal_confirmatory_3domain_m_weakalign_steps2000_seed2029,physionet_grabmyo,source_plus_calibration,1,raw_stats,430,86,0.1845375375482839,0.1704047026136427,0.1836361932693832,326.6744186046512,262.51162790697674,0.003748214311932,0.0036324944657793,0.0036969363091065
2029,journal_confirmatory_3domain_m_weakalign_steps2000_seed2029,physionet_grabmyo,source_plus_calibration,1,raw_stats_plus_pretrained,430,86,0.1782739658836271,0.1690343252264164,0.1766952456203214,326.6744186046512,262.51162790697674,0.0041392093641521,0.0039211740569441,0.0040678754468821
2029,journal_confirmatory_3domain_m_weakalign_steps2000_seed2029,physionet_grabmyo,source_plus_calibration,1,scratch_encoder,430,86,0.1669151091424423,0.1581535872555874,0.1660992828360189,326.6744186046512,262.51162790697674,0.0043035340304399,0.0041450067967305,0.0042939962846667
2029,journal_confirmatory_3domain_m_weakalign_steps2000_seed2029,physionet_grabmyo,source_plus_calibration,2,pretrained_encoder,430,86,0.1723760152001836,0.1626895046283836,0.1720818188828473,343.66511627906976,252.3046511627907,0.0043972278267796,0.0043014264509606,0.0045365275203595
2029,journal_confirmatory_3domain_m_weakalign_steps2000_seed2029,physionet_grabmyo,source_plus_calibration,2,raw_stats,430,86,0.193315285892821,0.1779562647042935,0.1917410904265431,343.66511627906976,252.3046511627907,0.0040179286820824,0.0037528376510374,0.0039372927376701
2029,journal_confirmatory_3domain_m_weakalign_steps2000_seed2029,physionet_grabmyo,source_plus_calibration,2,raw_stats_plus_pretrained,430,86,0.1847603971347996,0.1749993078658392,0.1832742958270568,343.66511627906976,252.3046511627907,0.004381512351263,0.0042719432197419,0.0043728777094265
2029,journal_confirmatory_3domain_m_weakalign_steps2000_seed2029,physionet_grabmyo,source_plus_calibration,2,scratch_encoder,430,86,0.1726807101311787,0.1634025613233506,0.1722090133332645,343.66511627906976,252.3046511627907,0.0043943943114651,0.0041967009979879,0.0044033562403785
2029,journal_confirmatory_3domain_m_weakalign_steps2000_seed2029,physionet_grabmyo,source_plus_calibration,5,pretrained_encoder,430,86,0.1892941933790055,0.1786180717445645,0.1913862421096867,394.4139534883721,203.24883720930237,0.0049927564048865,0.0048708073599511,0.0053300680816061
2029,journal_confirmatory_3domain_m_weakalign_steps2000_seed2029,physionet_grabmyo,source_plus_calibration,5,raw_stats,430,86,0.2142105264063439,0.1945970697510462,0.2136107715039376,394.4139534883721,203.24883720930237,0.0042464650347684,0.0038652209344219,0.0042246999343733
2029,journal_confirmatory_3domain_m_weakalign_steps2000_seed2029,physionet_grabmyo,source_plus_calibration,5,raw_stats_plus_pretrained,430,86,0.2014522578141155,0.1904792760999641,0.2032045355608578,394.4139534883721,203.24883720930237,0.0049706185239911,0.0047662670152865,0.0051409111909141
2029,journal_confirmatory_3domain_m_weakalign_steps2000_seed2029,physionet_grabmyo,source_plus_calibration,5,scratch_encoder,430,86,0.1896815475531984,0.1779030076655703,0.1914733021073584,394.4139534883721,203.24883720930237,0.0048107509348826,0.0046123595194759,0.0050795311823177
2029,journal_confirmatory_3domain_m_weakalign_steps2000_seed2029,physionet_grabmyo,source_plus_calibration,10,pretrained_encoder,430,86,0.2191497484885086,0.1876174672210895,0.2225104482446571,461.6581395348837,118.4906976744186,0.0060528185419365,0.0055445091261159,0.0066282889434388
2029,journal_confirmatory_3domain_m_weakalign_steps2000_seed2029,physionet_grabmyo,source_plus_calibration,10,raw_stats,430,86,0.2486274699943831,0.2048823891078832,0.2501729285888949,461.6581395348837,118.4906976744186,0.0054646337103051,0.0047226305204074,0.005704963897765
2029,journal_confirmatory_3domain_m_weakalign_steps2000_seed2029,physionet_grabmyo,source_plus_calibration,10,raw_stats_plus_pretrained,430,86,0.232948329244778,0.200758200452304,0.235215415400792,461.6581395348837,118.4906976744186,0.0064546825469378,0.0059568159524161,0.0069068733367801
2029,journal_confirmatory_3domain_m_weakalign_steps2000_seed2029,physionet_grabmyo,source_plus_calibration,10,scratch_encoder,430,86,0.2171708032845255,0.1839242405578834,0.2181971142132647,461.6581395348837,118.4906976744186,0.0060736974487943,0.00538574529195,0.0064586663650571
2029,journal_confirmatory_3domain_m_weakalign_steps2000_seed2029,physionet_hyser,source_plus_calibration,1,pretrained_encoder,100,20,0.0644789946304257,0.0593233551802006,0.0642025128604983,1028.9,864.11,0.003721875905759,0.0032826956309246,0.0036742727941589
2029,journal_confirmatory_3domain_m_weakalign_steps2000_seed2029,physionet_hyser,source_plus_calibration,1,raw_stats,100,20,0.0705931614625412,0.0602162660627772,0.0716701099647157,1028.9,864.11,0.0038434629969872,0.0034170798388929,0.0039341313462427
2029,journal_confirmatory_3domain_m_weakalign_steps2000_seed2029,physionet_hyser,source_plus_calibration,1,raw_stats_plus_pretrained,100,20,0.0739226053764959,0.0680928543150436,0.0742547361014696,1028.9,864.11,0.004391982459067,0.0038969550346582,0.0045000529858292
2029,journal_confirmatory_3domain_m_weakalign_steps2000_seed2029,physionet_hyser,source_plus_calibration,1,scratch_encoder,100,20,0.061546908311437,0.0573359537568294,0.0616436819651187,1028.9,864.11,0.0041107443035247,0.0037747832690823,0.0040224318287968
2029,journal_confirmatory_3domain_m_weakalign_steps2000_seed2029,physionet_hyser,source_plus_calibration,2,pretrained_encoder,100,20,0.0702318249261732,0.0651025069190364,0.0700453118796236,1062.65,835.77,0.0039129746153885,0.0035150235980596,0.0038141951715894
2029,journal_confirmatory_3domain_m_weakalign_steps2000_seed2029,physionet_hyser,source_plus_calibration,2,raw_stats,100,20,0.0776763710097519,0.067191874680115,0.0785720413345655,1062.65,835.77,0.0040435825341931,0.0035259010435181,0.004193930386012
2029,journal_confirmatory_3domain_m_weakalign_steps2000_seed2029,physionet_hyser,source_plus_calibration,2,raw_stats_plus_pretrained,100,20,0.0792843735265307,0.0740831740168688,0.0797302438094637,1062.65,835.77,0.0044460980050717,0.0040943095776248,0.0045811135267242
2029,journal_confirmatory_3domain_m_weakalign_steps2000_seed2029,physionet_hyser,source_plus_calibration,2,scratch_encoder,100,20,0.0670530948094267,0.0629882170316975,0.0675384230012806,1062.65,835.77,0.0041638455490477,0.0037897506703264,0.0041495583137476
2029,journal_confirmatory_3domain_m_weakalign_steps2000_seed2029,physionet_hyser,source_plus_calibration,5,pretrained_encoder,100,20,0.0840655003882316,0.0777467235604457,0.0840057833842185,1163.65,707.96,0.0049272274102559,0.0042792630597587,0.0048419917971586
2029,journal_confirmatory_3domain_m_weakalign_steps2000_seed2029,physionet_hyser,source_plus_calibration,5,raw_stats,100,20,0.0920402486241293,0.0803149167225171,0.0924339912640363,1163.65,707.96,0.0042503810738443,0.0033944202004866,0.0042067628476317
2029,journal_confirmatory_3domain_m_weakalign_steps2000_seed2029,physionet_hyser,source_plus_calibration,5,raw_stats_plus_pretrained,100,20,0.0964452558504339,0.089255390717709,0.0965606314661782,1163.65,707.96,0.0050466090310918,0.0045632689964448,0.0051573711135421
2029,journal_confirmatory_3domain_m_weakalign_steps2000_seed2029,physionet_hyser,source_plus_calibration,5,scratch_encoder,100,20,0.0811977531148479,0.075635316084566,0.0818004089040789,1163.65,707.96,0.0045702443294706,0.0041974312809154,0.0045326942473305
2029,journal_confirmatory_3domain_m_weakalign_steps2000_seed2029,physionet_hyser,source_plus_calibration,10,pretrained_encoder,100,20,0.1032646199127753,0.0938330255155414,0.1049748873019242,1330.79,555.45,0.0055507220119637,0.0048402197020241,0.0056066341727019
2029,journal_confirmatory_3domain_m_weakalign_steps2000_seed2029,physionet_hyser,source_plus_calibration,10,raw_stats,100,20,0.1130219118652282,0.0984734588613404,0.1140947085687556,1330.79,555.45,0.0045425623897064,0.0043104363993131,0.0048488225760818
2029,journal_confirmatory_3domain_m_weakalign_steps2000_seed2029,physionet_hyser,source_plus_calibration,10,raw_stats_plus_pretrained,100,20,0.1248784444825118,0.1147476600603654,0.128200042942751,1330.79,555.45,0.0058568988361794,0.0053266141493238,0.0065755898448581
2029,journal_confirmatory_3domain_m_weakalign_steps2000_seed2029,physionet_hyser,source_plus_calibration,10,scratch_encoder,100,20,0.0971984202911359,0.0882373628627607,0.099510661150221,1330.79,555.45,0.0058652642833341,0.0052455899364543,0.0063610641829589
2030,journal_confirmatory_3domain_m_weakalign_steps2000_seed2030,physionet_grabmyo,source_plus_calibration,1,pretrained_encoder,430,86,0.169078711998081,0.1592439442880447,0.1682935691014567,326.6744186046512,262.51162790697674,0.0041190066925687,0.0039599569687091,0.0041498823111954
2030,journal_confirmatory_3domain_m_weakalign_steps2000_seed2030,physionet_grabmyo,source_plus_calibration,1,raw_stats,430,86,0.1845375375482839,0.1704047026136427,0.1836361932693832,326.6744186046512,262.51162790697674,0.003748214311932,0.0036324944657793,0.0036969363091065
2030,journal_confirmatory_3domain_m_weakalign_steps2000_seed2030,physionet_grabmyo,source_plus_calibration,1,raw_stats_plus_pretrained,430,86,0.1788566543339819,0.169990637644027,0.1780868419012672,326.6744186046512,262.51162790697674,0.0044261124533579,0.0042937625548989,0.0043825172267904
2030,journal_confirmatory_3domain_m_weakalign_steps2000_seed2030,physionet_grabmyo,source_plus_calibration,1,scratch_encoder,430,86,0.1669151091424423,0.1581535872555874,0.1660992828360189,326.6744186046512,262.51162790697674,0.0043035340304399,0.0041450067967305,0.0042939962846667
2030,journal_confirmatory_3domain_m_weakalign_steps2000_seed2030,physionet_grabmyo,source_plus_calibration,2,pretrained_encoder,430,86,0.1769599731389861,0.1670879437787439,0.1771545945932643,343.66511627906976,252.3046511627907,0.0041018895398978,0.0039585019627071,0.0042266144403801
2030,journal_confirmatory_3domain_m_weakalign_steps2000_seed2030,physionet_grabmyo,source_plus_calibration,2,raw_stats,430,86,0.193315285892821,0.1779562647042935,0.1917410904265431,343.66511627906976,252.3046511627907,0.0040179286820824,0.0037528376510374,0.0039372927376701
2030,journal_confirmatory_3domain_m_weakalign_steps2000_seed2030,physionet_grabmyo,source_plus_calibration,2,raw_stats_plus_pretrained,430,86,0.1850561302416343,0.1767855301670062,0.1856841296588029,343.66511627906976,252.3046511627907,0.0045049953585348,0.0044636362072685,0.0046150143058977
2030,journal_confirmatory_3domain_m_weakalign_steps2000_seed2030,physionet_grabmyo,source_plus_calibration,2,scratch_encoder,430,86,0.1726807101311787,0.1634025613233506,0.1722090133332645,343.66511627906976,252.3046511627907,0.0043943943114651,0.0041967009979879,0.0044033562403785
2030,journal_confirmatory_3domain_m_weakalign_steps2000_seed2030,physionet_grabmyo,source_plus_calibration,5,pretrained_encoder,430,86,0.18947525818939,0.1770786470963814,0.1917934625939861,394.4139534883721,203.24883720930237,0.0048214152115372,0.0046123448421064,0.0049442448133336
2030,journal_confirmatory_3domain_m_weakalign_steps2000_seed2030,physionet_grabmyo,source_plus_calibration,5,raw_stats,430,86,0.2142105264063439,0.1945970697510462,0.2136107715039376,394.4139534883721,203.24883720930237,0.0042464650347684,0.0038652209344219,0.0042246999343733
2030,journal_confirmatory_3domain_m_weakalign_steps2000_seed2030,physionet_grabmyo,source_plus_calibration,5,raw_stats_plus_pretrained,430,86,0.197719608242272,0.1870783588523636,0.2011097633038079,394.4139534883721,203.24883720930237,0.004789400027723,0.0046729233284257,0.005020802989235
2030,journal_confirmatory_3domain_m_weakalign_steps2000_seed2030,physionet_grabmyo,source_plus_calibration,5,scratch_encoder,430,86,0.1896815475531984,0.1779030076655703,0.1914733021073584,394.4139534883721,203.24883720930237,0.0048107509348826,0.0046123595194759,0.0050795311823177
2030,journal_confirmatory_3domain_m_weakalign_steps2000_seed2030,physionet_grabmyo,source_plus_calibration,10,pretrained_encoder,430,86,0.2253747320791849,0.1917800789752586,0.2280935565663644,461.6581395348837,118.4906976744186,0.0057017583744395,0.0051231287548024,0.0060905572156974
2030,journal_confirmatory_3domain_m_weakalign_steps2000_seed2030,physionet_grabmyo,source_plus_calibration,10,raw_stats,430,86,0.2486274699943831,0.2048823891078832,0.2501729285888949,461.6581395348837,118.4906976744186,0.0054646337103051,0.0047226305204074,0.005704963897765
2030,journal_confirmatory_3domain_m_weakalign_steps2000_seed2030,physionet_grabmyo,source_plus_calibration,10,raw_stats_plus_pretrained,430,86,0.2325648272470509,0.2007821982343078,0.2363771201339434,461.6581395348837,118.4906976744186,0.0061254497610813,0.005501414033638,0.0063592917932436
2030,journal_confirmatory_3domain_m_weakalign_steps2000_seed2030,physionet_grabmyo,source_plus_calibration,10,scratch_encoder,430,86,0.2171708032845255,0.1839242405578834,0.2181971142132647,461.6581395348837,118.4906976744186,0.0060736974487943,0.00538574529195,0.0064586663650571
2030,journal_confirmatory_3domain_m_weakalign_steps2000_seed2030,physionet_hyser,source_plus_calibration,1,pretrained_encoder,100,20,0.0664625964918572,0.0622547100202569,0.0671471433253634,1028.9,864.11,0.0039426999274913,0.0040315114595892,0.0043563713229671
2030,journal_confirmatory_3domain_m_weakalign_steps2000_seed2030,physionet_hyser,source_plus_calibration,1,raw_stats,100,20,0.0705931614625412,0.0602162660627772,0.0716701099647157,1028.9,864.11,0.0038434629969872,0.0034170798388929,0.0039341313462427
2030,journal_confirmatory_3domain_m_weakalign_steps2000_seed2030,physionet_hyser,source_plus_calibration,1,raw_stats_plus_pretrained,100,20,0.0784256395833882,0.0733232950831758,0.0795206063688549,1028.9,864.11,0.0047775669841367,0.004570908509751,0.0049990627977905
2030,journal_confirmatory_3domain_m_weakalign_steps2000_seed2030,physionet_hyser,source_plus_calibration,1,scratch_encoder,100,20,0.061546908311437,0.0573359537568294,0.0616436819651187,1028.9,864.11,0.0041107443035247,0.0037747832690823,0.0040224318287968
2030,journal_confirmatory_3domain_m_weakalign_steps2000_seed2030,physionet_hyser,source_plus_calibration,2,pretrained_encoder,100,20,0.0720940096341569,0.0677907008419603,0.0732951344108813,1062.65,835.77,0.0043228938633058,0.0042510482214068,0.0047151046168598
2030,journal_confirmatory_3domain_m_weakalign_steps2000_seed2030,physionet_hyser,source_plus_calibration,2,raw_stats,100,20,0.0776763710097519,0.067191874680115,0.0785720413345655,1062.65,835.77,0.0040435825341931,0.0035259010435181,0.004193930386012
2030,journal_confirmatory_3domain_m_weakalign_steps2000_seed2030,physionet_hyser,source_plus_calibration,2,raw_stats_plus_pretrained,100,20,0.082480244040137,0.0778198888248674,0.0835759973366951,1062.65,835.77,0.0046564219862016,0.0044713130179933,0.0048835101164802
2030,journal_confirmatory_3domain_m_weakalign_steps2000_seed2030,physionet_hyser,source_plus_calibration,2,scratch_encoder,100,20,0.0670530948094267,0.0629882170316975,0.0675384230012806,1062.65,835.77,0.0041638455490477,0.0037897506703264,0.0041495583137476
2030,journal_confirmatory_3domain_m_weakalign_steps2000_seed2030,physionet_hyser,source_plus_calibration,5,pretrained_encoder,100,20,0.0888262023423342,0.0823084465339907,0.0889135114850344,1163.65,707.96,0.0047321920154001,0.0045054559289634,0.0049344915190919
2030,journal_confirmatory_3domain_m_weakalign_steps2000_seed2030,physionet_hyser,source_plus_calibration,5,raw_stats,100,20,0.0920402486241293,0.0803149167225171,0.0924339912640363,1163.65,707.96,0.0042503810738443,0.0033944202004866,0.0042067628476317
2030,journal_confirmatory_3domain_m_weakalign_steps2000_seed2030,physionet_hyser,source_plus_calibration,5,raw_stats_plus_pretrained,100,20,0.1061796576236416,0.0987227733517081,0.1065074687395099,1163.65,707.96,0.005682965612751,0.0052404930287412,0.0059856404410924
2030,journal_confirmatory_3domain_m_weakalign_steps2000_seed2030,physionet_hyser,source_plus_calibration,5,scratch_encoder,100,20,0.0811977531148479,0.075635316084566,0.0818004089040789,1163.65,707.96,0.0045702443294706,0.0041974312809154,0.0045326942473305
2030,journal_confirmatory_3domain_m_weakalign_steps2000_seed2030,physionet_hyser,source_plus_calibration,10,pretrained_encoder,100,20,0.1024260859825792,0.0950918388781162,0.106377786344593,1330.79,555.45,0.0059939856666351,0.0056955515958468,0.0063467575780673
2030,journal_confirmatory_3domain_m_weakalign_steps2000_seed2030,physionet_hyser,source_plus_calibration,10,raw_stats,100,20,0.1130219118652282,0.0984734588613404,0.1140947085687556,1330.79,555.45,0.0045425623897064,0.0043104363993131,0.0048488225760818
2030,journal_confirmatory_3domain_m_weakalign_steps2000_seed2030,physionet_hyser,source_plus_calibration,10,raw_stats_plus_pretrained,100,20,0.1278406331874373,0.1198899051654488,0.1329128032098211,1330.79,555.45,0.0070152091763607,0.0068201470476989,0.0074917275295241
2030,journal_confirmatory_3domain_m_weakalign_steps2000_seed2030,physionet_hyser,source_plus_calibration,10,scratch_encoder,100,20,0.0971984202911359,0.0882373628627607,0.099510661150221,1330.79,555.45,0.0058652642833341,0.0052455899364543,0.0063610641829589
