encoder_seed,encoder_run,seed,n_classes,n_train,n_test,uniform_reference,majority_reference,accuracy,balanced_accuracy,macro_f1,permutation_corrected_accuracy,mean_prediction_entropy,normalized_prediction_entropy,ece,shuffled_label_control,source,feature_set
2026,journal_confirmatory_3domain_m_weakalign_steps2000_seed2026,2026,3,15985,6929,0.3333333333333333,0.3354019339009958,1.0,1.0,1.0,1.0,0.0016301419235738,0.0014838191238058,0.0002679385892727,False,journal_confirmatory_3domain_m_weakalign_steps2000_seed2026,pretrained_embedding
2026,journal_confirmatory_3domain_m_weakalign_steps2000_seed2026,2026,3,15985,6929,0.3333333333333333,0.3354019339009958,0.3527204502814259,0.352723686529498,0.3525214672437819,0.3527204502814259,1.0737440308401796,0.977363936227148,0.0579374797627764,True,journal_confirmatory_3domain_m_weakalign_steps2000_seed2026,pretrained_embedding
2026,journal_confirmatory_3domain_m_weakalign_steps2000_seed2026,2027,3,15967,6947,0.3333333333333333,0.3407226140780193,1.0,1.0,1.0,1.0,0.0007820268156414,0.0007118314838709,0.0001129836029888,False,journal_confirmatory_3domain_m_weakalign_steps2000_seed2026,pretrained_embedding
2026,journal_confirmatory_3domain_m_weakalign_steps2000_seed2026,2027,3,15967,6947,0.3333333333333333,0.3407226140780193,0.2673096300561393,0.2660068044879093,0.262959661157594,0.3932632791132863,1.0761398627156282,0.9795447163805844,0.1395332159967356,True,journal_confirmatory_3domain_m_weakalign_steps2000_seed2026,pretrained_embedding
2026,journal_confirmatory_3domain_m_weakalign_steps2000_seed2026,2028,3,16001,6913,0.3333333333333333,0.336322869955157,0.9997106900043397,0.9997064435637752,0.9997098495839032,0.9997106900043397,0.0005482825880911,0.000499068318957,0.0002628466923609,False,journal_confirmatory_3domain_m_weakalign_steps2000_seed2026,pretrained_embedding
2026,journal_confirmatory_3domain_m_weakalign_steps2000_seed2026,2028,3,16001,6913,0.3333333333333333,0.336322869955157,0.2690582959641255,0.2692727662734139,0.2690654120297434,0.4080717488789238,1.0739023393905514,0.9775080348796068,0.1423632840386023,True,journal_confirmatory_3domain_m_weakalign_steps2000_seed2026,pretrained_embedding
2026,journal_confirmatory_3domain_m_weakalign_steps2000_seed2026,2029,3,16015,6899,0.3333333333333333,0.3358457747499637,0.9997101029134656,0.9997068308413954,0.9997089882922724,0.9997101029134656,0.0009883460814282,0.0008996313727988,0.0001528382860256,False,journal_confirmatory_3domain_m_weakalign_steps2000_seed2026,pretrained_embedding
2026,journal_confirmatory_3domain_m_weakalign_steps2000_seed2026,2029,3,16015,6899,0.3333333333333333,0.3358457747499637,0.3786055950137701,0.3788651072913973,0.3789762599455999,0.3786055950137701,1.0712955998728697,0.9751352783170146,0.0359498410162027,True,journal_confirmatory_3domain_m_weakalign_steps2000_seed2026,pretrained_embedding
2026,journal_confirmatory_3domain_m_weakalign_steps2000_seed2026,2030,3,16110,6804,0.3333333333333333,0.3381834215167548,1.0,1.0,1.0,1.0,0.0010122962125177,0.0009214317215994,0.000142627026183,False,journal_confirmatory_3domain_m_weakalign_steps2000_seed2026,pretrained_embedding
2026,journal_confirmatory_3domain_m_weakalign_steps2000_seed2026,2030,3,16110,6804,0.3333333333333333,0.3381834215167548,0.3055555555555556,0.3052362945108089,0.3046996764120511,0.3746325690770135,1.0728702490051434,0.976568585725384,0.1075536823135099,True,journal_confirmatory_3domain_m_weakalign_steps2000_seed2026,pretrained_embedding
2026,journal_confirmatory_3domain_m_weakalign_steps2000_seed2026,2031,3,15965,6949,0.3333333333333333,0.3363073823571736,0.9998560944020722,0.9998557622962642,0.9998565642935974,0.9998560944020722,0.0008509580752734,0.0007745754203287,0.0001928588534641,False,journal_confirmatory_3domain_m_weakalign_steps2000_seed2026,pretrained_embedding
2026,journal_confirmatory_3domain_m_weakalign_steps2000_seed2026,2031,3,15965,6949,0.3333333333333333,0.3363073823571736,0.3085336019571161,0.3086291903919356,0.3080527491544441,0.3635055403655202,1.0716087808017436,0.9754203478835072,0.1065465048135586,True,journal_confirmatory_3domain_m_weakalign_steps2000_seed2026,pretrained_embedding
2026,journal_confirmatory_3domain_m_weakalign_steps2000_seed2026,2032,3,16025,6889,0.3333333333333333,0.3344462186093773,0.9997096821019016,0.9997086247086248,0.9997091949819422,0.9997096821019016,0.0008860765833566,0.0008065416639666,0.0001551762432238,False,journal_confirmatory_3domain_m_weakalign_steps2000_seed2026,pretrained_embedding
2026,journal_confirmatory_3domain_m_weakalign_steps2000_seed2026,2032,3,16025,6889,0.3333333333333333,0.3344462186093773,0.3369139207432138,0.3368440427495037,0.3370066271964524,0.3536071998838728,1.069589973247274,0.9735827500564184,0.0809303781544231,True,journal_confirmatory_3domain_m_weakalign_steps2000_seed2026,pretrained_embedding
2026,journal_confirmatory_3domain_m_weakalign_steps2000_seed2026,2033,3,15988,6926,0.3333333333333333,0.335980363846376,1.0,1.0,1.0,1.0,0.0014469698076916,0.0013170886787056,0.0002319266183473,False,journal_confirmatory_3domain_m_weakalign_steps2000_seed2026,pretrained_embedding
2026,journal_confirmatory_3domain_m_weakalign_steps2000_seed2026,2033,3,15988,6926,0.3333333333333333,0.335980363846376,0.3447877562806815,0.344684543982376,0.3448637712030435,0.3743863701992492,1.073164003750371,0.9768359728174978,0.0673127544599456,True,journal_confirmatory_3domain_m_weakalign_steps2000_seed2026,pretrained_embedding
2026,journal_confirmatory_3domain_m_weakalign_steps2000_seed2026,2034,3,16094,6820,0.3333333333333333,0.3343108504398827,0.9995601173020529,0.999561146568824,0.9995610182468894,0.9995601173020529,0.0018291550659905,0.0016649686926478,0.0003555584331863,False,journal_confirmatory_3domain_m_weakalign_steps2000_seed2026,pretrained_embedding
2026,journal_confirmatory_3domain_m_weakalign_steps2000_seed2026,2034,3,16094,6820,0.3333333333333333,0.3343108504398827,0.3472140762463343,0.3471462478941365,0.3454992394931437,0.3703812316715542,1.0726070673368282,0.9763290274471546,0.0672864544873497,True,journal_confirmatory_3domain_m_weakalign_steps2000_seed2026,pretrained_embedding
2026,journal_confirmatory_3domain_m_weakalign_steps2000_seed2026,2035,3,15957,6957,0.3333333333333333,0.3367830961621388,0.9995687796463992,0.9995657733171368,0.9995665239017114,0.9995687796463992,0.0009949949386277,0.0009056834234341,0.0003105421104951,False,journal_confirmatory_3domain_m_weakalign_steps2000_seed2026,pretrained_embedding
2026,journal_confirmatory_3domain_m_weakalign_steps2000_seed2026,2035,3,15957,6957,0.3333333333333333,0.3367830961621388,0.3405203392266782,0.3403270776772268,0.3399237534183346,0.3801926117579416,1.0744300766484762,0.9779884020331224,0.0682959258944202,True,journal_confirmatory_3domain_m_weakalign_steps2000_seed2026,pretrained_embedding
2027,journal_confirmatory_3domain_m_weakalign_steps2000_seed2027,2026,3,15985,6929,0.3333333333333333,0.3354019339009958,1.0,1.0,1.0,1.0,0.001962931520184,0.0017867372688537,0.0003811721154657,False,journal_confirmatory_3domain_m_weakalign_steps2000_seed2027,pretrained_embedding
2027,journal_confirmatory_3domain_m_weakalign_steps2000_seed2027,2026,3,15985,6929,0.3333333333333333,0.3354019339009958,0.368162794053976,0.3679697711708106,0.3671587267547251,0.368162794053976,1.0733908248024366,0.9770424342365128,0.0503479899930556,True,journal_confirmatory_3domain_m_weakalign_steps2000_seed2027,pretrained_embedding
2027,journal_confirmatory_3domain_m_weakalign_steps2000_seed2027,2027,3,15967,6947,0.3333333333333333,0.3407226140780193,1.0,1.0,1.0,1.0,0.0006780989721703,0.0006172322840048,0.0001070185869625,False,journal_confirmatory_3domain_m_weakalign_steps2000_seed2027,pretrained_embedding
2027,journal_confirmatory_3domain_m_weakalign_steps2000_seed2027,2027,3,15967,6947,0.3333333333333333,0.3407226140780193,0.2792572333381315,0.2787112032450181,0.2784052650528152,0.3898085504534331,1.0728980763132565,0.9765939152328,0.1328952340742256,True,journal_confirmatory_3domain_m_weakalign_steps2000_seed2027,pretrained_embedding
2027,journal_confirmatory_3domain_m_weakalign_steps2000_seed2027,2028,3,16001,6913,0.3333333333333333,0.336322869955157,1.0,1.0,1.0,1.0,0.0003982971803683,0.0003625457174261,6.666018101883255e-05,False,journal_confirmatory_3domain_m_weakalign_steps2000_seed2027,pretrained_embedding
2027,journal_confirmatory_3domain_m_weakalign_steps2000_seed2027,2028,3,16001,6913,0.3333333333333333,0.336322869955157,0.2706495009402574,0.2708312408696196,0.270882142960287,0.4202227686966585,1.0728785057734245,0.9765761013597584,0.1418040345738297,True,journal_confirmatory_3domain_m_weakalign_steps2000_seed2027,pretrained_embedding
2027,journal_confirmatory_3domain_m_weakalign_steps2000_seed2027,2029,3,16015,6899,0.3333333333333333,0.3358457747499637,1.0,1.0,1.0,1.0,0.001409810004564,0.0012832643682451,0.0002701737575805,False,journal_confirmatory_3domain_m_weakalign_steps2000_seed2027,pretrained_embedding
2027,journal_confirmatory_3domain_m_weakalign_steps2000_seed2027,2029,3,16015,6899,0.3333333333333333,0.3358457747499637,0.3722278591100159,0.372338239840874,0.3727130816120679,0.3722278591100159,1.0722309308025706,0.9759866532191058,0.0415370669987605,True,journal_confirmatory_3domain_m_weakalign_steps2000_seed2027,pretrained_embedding
2027,journal_confirmatory_3domain_m_weakalign_steps2000_seed2027,2030,3,16110,6804,0.3333333333333333,0.3381834215167548,1.0,1.0,1.0,1.0,0.0006457628575417,0.0005877986840331,9.561464353503808e-05,False,journal_confirmatory_3domain_m_weakalign_steps2000_seed2027,pretrained_embedding
2027,journal_confirmatory_3domain_m_weakalign_steps2000_seed2027,2030,3,16110,6804,0.3333333333333333,0.3381834215167548,0.2786596119929453,0.2780875106018189,0.2781572346295094,0.4024103468547913,1.0766355796687928,0.9799959373966586,0.1274935470735531,True,journal_confirmatory_3domain_m_weakalign_steps2000_seed2027,pretrained_embedding
2027,journal_confirmatory_3domain_m_weakalign_steps2000_seed2027,2031,3,15965,6949,0.3333333333333333,0.3363073823571736,1.0,1.0,1.0,1.0,0.000991375857364,0.0009023891937035,0.0001964229905514,False,journal_confirmatory_3domain_m_weakalign_steps2000_seed2027,pretrained_embedding
2027,journal_confirmatory_3domain_m_weakalign_steps2000_seed2027,2031,3,15965,6949,0.3333333333333333,0.3363073823571736,0.2820549719384084,0.2819585936158035,0.2818591165946044,0.3672470859116419,1.072272755212449,0.9760247234376076,0.1315146673071006,True,journal_confirmatory_3domain_m_weakalign_steps2000_seed2027,pretrained_embedding
2027,journal_confirmatory_3domain_m_weakalign_steps2000_seed2027,2032,3,16025,6889,0.3333333333333333,0.3344462186093773,1.0,1.0,1.0,1.0,0.0011878647257566,0.00108124106931,0.0002421817319602,False,journal_confirmatory_3domain_m_weakalign_steps2000_seed2027,pretrained_embedding
2027,journal_confirmatory_3domain_m_weakalign_steps2000_seed2027,2032,3,16025,6889,0.3333333333333333,0.3344462186093773,0.4045579910001451,0.4047385470539312,0.4035129049708146,0.4045579910001451,1.0719869642211943,0.9757645852667512,0.0229467788526796,True,journal_confirmatory_3domain_m_weakalign_steps2000_seed2027,pretrained_embedding
2027,journal_confirmatory_3domain_m_weakalign_steps2000_seed2027,2033,3,15988,6926,0.3333333333333333,0.335980363846376,1.0,1.0,1.0,1.0,0.0016407465095285,0.0014934718339239,0.0003131840511864,False,journal_confirmatory_3domain_m_weakalign_steps2000_seed2027,pretrained_embedding
2027,journal_confirmatory_3domain_m_weakalign_steps2000_seed2027,2033,3,15988,6926,0.3333333333333333,0.335980363846376,0.3635576090095293,0.3636383895263502,0.3636464058046414,0.3651458273173549,1.0737855797564029,0.977401755680518,0.0470939836203433,True,journal_confirmatory_3domain_m_weakalign_steps2000_seed2027,pretrained_embedding
2027,journal_confirmatory_3domain_m_weakalign_steps2000_seed2027,2034,3,16094,6820,0.3333333333333333,0.3343108504398827,1.0,1.0,1.0,1.0,0.0034599049858519,0.0031493412385241,0.0008537363064177,False,journal_confirmatory_3domain_m_weakalign_steps2000_seed2027,pretrained_embedding
2027,journal_confirmatory_3domain_m_weakalign_steps2000_seed2027,2034,3,16094,6820,0.3333333333333333,0.3343108504398827,0.3426686217008797,0.3426745013558258,0.3427570161694442,0.3524926686217008,1.074103246680446,0.9776909085757844,0.0686495957258702,True,journal_confirmatory_3domain_m_weakalign_steps2000_seed2027,pretrained_embedding
2027,journal_confirmatory_3domain_m_weakalign_steps2000_seed2027,2035,3,15957,6957,0.3333333333333333,0.3367830961621388,1.0,1.0,1.0,1.0,0.0013406698138148,0.0012203302544887,0.0002551434011274,False,journal_confirmatory_3domain_m_weakalign_steps2000_seed2027,pretrained_embedding
2027,journal_confirmatory_3domain_m_weakalign_steps2000_seed2027,2035,3,15957,6957,0.3333333333333333,0.3367830961621388,0.3689808825643237,0.368900154347557,0.3688804902167815,0.3689808825643237,1.0716551102555865,0.9754625187697432,0.0460108003854469,True,journal_confirmatory_3domain_m_weakalign_steps2000_seed2027,pretrained_embedding
2028,journal_confirmatory_3domain_m_weakalign_steps2000_seed2028,2026,3,15985,6929,0.3333333333333333,0.3354019339009958,0.999855679030163,0.9998565691336776,0.9998561346755775,0.999855679030163,0.0011095043234066,0.0010099143572768,0.0002652721463115,False,journal_confirmatory_3domain_m_weakalign_steps2000_seed2028,pretrained_embedding
2028,journal_confirmatory_3domain_m_weakalign_steps2000_seed2028,2026,3,15985,6929,0.3333333333333333,0.3354019339009958,0.3335257612931159,0.333523245004464,0.3335074037551175,0.3470919324577861,1.073391352717583,0.9770429147655872,0.0784731493566495,True,journal_confirmatory_3domain_m_weakalign_steps2000_seed2028,pretrained_embedding
2028,journal_confirmatory_3domain_m_weakalign_steps2000_seed2028,2027,3,15967,6947,0.3333333333333333,0.3407226140780193,0.999856052972506,0.9998530276308054,0.9998544255391004,0.999856052972506,0.0012513365595161,0.0011390156221838,0.0003243430312545,False,journal_confirmatory_3domain_m_weakalign_steps2000_seed2028,pretrained_embedding
2028,journal_confirmatory_3domain_m_weakalign_steps2000_seed2028,2027,3,15967,6947,0.3333333333333333,0.3407226140780193,0.2876061609327767,0.2873663176402105,0.2871548542921661,0.3624586152295955,1.0725359986071197,0.9762643379015872,0.1243092858915089,True,journal_confirmatory_3domain_m_weakalign_steps2000_seed2028,pretrained_embedding
2028,journal_confirmatory_3domain_m_weakalign_steps2000_seed2028,2028,3,16001,6913,0.3333333333333333,0.336322869955157,0.9997106900043397,0.9997098526062604,0.9997098526062604,0.9997106900043397,0.0020217582282188,0.0018402836460804,0.0004742258318716,False,journal_confirmatory_3domain_m_weakalign_steps2000_seed2028,pretrained_embedding
2028,journal_confirmatory_3domain_m_weakalign_steps2000_seed2028,2028,3,16001,6913,0.3333333333333333,0.336322869955157,0.2573412411398814,0.2576432007046728,0.2574197887149334,0.4144365687834515,1.06970143622606,0.973684208032026,0.1601262881359372,True,journal_confirmatory_3domain_m_weakalign_steps2000_seed2028,pretrained_embedding
2028,journal_confirmatory_3domain_m_weakalign_steps2000_seed2028,2029,3,16015,6899,0.3333333333333333,0.3358457747499637,0.9997101029134656,0.9997068308413954,0.9997089882922724,0.9997101029134656,0.0009108463699763,0.0008290880953831,0.0002497404855551,False,journal_confirmatory_3domain_m_weakalign_steps2000_seed2028,pretrained_embedding
2028,journal_confirmatory_3domain_m_weakalign_steps2000_seed2028,2029,3,16015,6899,0.3333333333333333,0.3358457747499637,0.3575880562400348,0.3579181388490833,0.35849095509438,0.3729526018263516,1.0728631766649015,0.976562148203872,0.0554207688118065,True,journal_confirmatory_3domain_m_weakalign_steps2000_seed2028,pretrained_embedding
2028,journal_confirmatory_3domain_m_weakalign_steps2000_seed2028,2030,3,16110,6804,0.3333333333333333,0.3381834215167548,1.0,1.0,1.0,1.0,0.0011284140426114,0.0010271267254615,0.0001917838123022,False,journal_confirmatory_3domain_m_weakalign_steps2000_seed2028,pretrained_embedding
2028,journal_confirmatory_3domain_m_weakalign_steps2000_seed2028,2030,3,16110,6804,0.3333333333333333,0.3381834215167548,0.307907113462669,0.3076088853814605,0.305701781626306,0.3683127572016461,1.073571763898506,0.9772071320993856,0.1037682470728559,True,journal_confirmatory_3domain_m_weakalign_steps2000_seed2028,pretrained_embedding
2028,journal_confirmatory_3domain_m_weakalign_steps2000_seed2028,2031,3,15965,6949,0.3333333333333333,0.3363073823571736,0.9998560944020722,0.9998557622962642,0.9998565642935974,0.9998560944020722,0.0009483348013744,0.0008632115361863,0.0002012953223302,False,journal_confirmatory_3domain_m_weakalign_steps2000_seed2028,pretrained_embedding
2028,journal_confirmatory_3domain_m_weakalign_steps2000_seed2028,2031,3,15965,6949,0.3333333333333333,0.3363073823571736,0.3163045042452151,0.316254922820998,0.3155953328344043,0.3777521945603684,1.0741119868748807,0.9776988642436072,0.0952463092511022,True,journal_confirmatory_3domain_m_weakalign_steps2000_seed2028,pretrained_embedding
2028,journal_confirmatory_3domain_m_weakalign_steps2000_seed2028,2032,3,16025,6889,0.3333333333333333,0.3344462186093773,0.9997096821019016,0.9997086247086248,0.9997091949819422,0.9997096821019016,0.0009147834937201,0.0008326718198547,0.0002409380614904,False,journal_confirmatory_3domain_m_weakalign_steps2000_seed2028,pretrained_embedding
2028,journal_confirmatory_3domain_m_weakalign_steps2000_seed2028,2032,3,16025,6889,0.3333333333333333,0.3344462186093773,0.3566555378139062,0.3567098989099833,0.3567397063029753,0.3718972274640731,1.0747905589855993,0.978316527196878,0.0532044749151992,True,journal_confirmatory_3domain_m_weakalign_steps2000_seed2028,pretrained_embedding
2028,journal_confirmatory_3domain_m_weakalign_steps2000_seed2028,2033,3,15988,6926,0.3333333333333333,0.335980363846376,1.0,1.0,1.0,1.0,0.0016108830254401,0.0014662889192629,0.000296076815371,False,journal_confirmatory_3domain_m_weakalign_steps2000_seed2028,pretrained_embedding
2028,journal_confirmatory_3domain_m_weakalign_steps2000_seed2028,2033,3,15988,6926,0.3333333333333333,0.335980363846376,0.3716430840311868,0.3718934070786872,0.3702916442334888,0.3855038983540283,1.0761800159931831,0.9795812654688923,0.0412077271838991,True,journal_confirmatory_3domain_m_weakalign_steps2000_seed2028,pretrained_embedding
2028,journal_confirmatory_3domain_m_weakalign_steps2000_seed2028,2034,3,16094,6820,0.3333333333333333,0.3343108504398827,0.9998533724340176,0.9998538011695908,0.9998536727489632,0.9998533724340176,0.0023219130379867,0.0021134963279918,0.0006373093913516,False,journal_confirmatory_3domain_m_weakalign_steps2000_seed2028,pretrained_embedding
2028,journal_confirmatory_3domain_m_weakalign_steps2000_seed2028,2034,3,16094,6820,0.3333333333333333,0.3343108504398827,0.3693548387096774,0.369389683550581,0.3688398352119453,0.3693548387096774,1.073572365204912,0.9772076794320635,0.0427393028614959,True,journal_confirmatory_3domain_m_weakalign_steps2000_seed2028,pretrained_embedding
2028,journal_confirmatory_3domain_m_weakalign_steps2000_seed2028,2035,3,15957,6957,0.3333333333333333,0.3367830961621388,0.9995687796463992,0.9995657733171368,0.9995665239017114,0.9995687796463992,0.0015839923015271,0.0014418119275249,0.0002707935684757,False,journal_confirmatory_3domain_m_weakalign_steps2000_seed2028,pretrained_embedding
2028,journal_confirmatory_3domain_m_weakalign_steps2000_seed2028,2035,3,15957,6957,0.3333333333333333,0.3367830961621388,0.3606439557280437,0.360236682798296,0.3589358072024844,0.3606439557280437,1.0764936171126005,0.9798667175093002,0.0456266871099627,True,journal_confirmatory_3domain_m_weakalign_steps2000_seed2028,pretrained_embedding
2029,journal_confirmatory_3domain_m_weakalign_steps2000_seed2029,2026,3,15985,6929,0.3333333333333333,0.3354019339009958,1.0,1.0,1.0,1.0,0.0013373861819119,0.0012173413639249,0.000204861889141,False,journal_confirmatory_3domain_m_weakalign_steps2000_seed2029,pretrained_embedding
2029,journal_confirmatory_3domain_m_weakalign_steps2000_seed2029,2026,3,15985,6929,0.3333333333333333,0.3354019339009958,0.3355462548708327,0.3354435936883373,0.3357367145284548,0.3724924231490835,1.0714995287733402,0.9753209024016658,0.0792972585691964,True,journal_confirmatory_3domain_m_weakalign_steps2000_seed2029,pretrained_embedding
2029,journal_confirmatory_3domain_m_weakalign_steps2000_seed2029,2027,3,15967,6947,0.3333333333333333,0.3407226140780193,1.0,1.0,1.0,1.0,0.0008794217246239,0.0008004841505005,0.0001699278439984,False,journal_confirmatory_3domain_m_weakalign_steps2000_seed2029,pretrained_embedding
2029,journal_confirmatory_3domain_m_weakalign_steps2000_seed2029,2027,3,15967,6947,0.3333333333333333,0.3407226140780193,0.2881819490427523,0.2876100633681075,0.2881412848426798,0.3900964445084209,1.0712586988258892,0.9751016895365494,0.1278299241443667,True,journal_confirmatory_3domain_m_weakalign_steps2000_seed2029,pretrained_embedding
2029,journal_confirmatory_3domain_m_weakalign_steps2000_seed2029,2028,3,16001,6913,0.3333333333333333,0.336322869955157,1.0,1.0,1.0,1.0,0.0009618102701594,0.0008754774364717,0.0001285258930346,False,journal_confirmatory_3domain_m_weakalign_steps2000_seed2029,pretrained_embedding
2029,journal_confirmatory_3domain_m_weakalign_steps2000_seed2029,2028,3,16001,6913,0.3333333333333333,0.336322869955157,0.2904672356429915,0.2905429324183177,0.2903428362440426,0.36366266454506,1.0755841316642432,0.9790388681781592,0.1167027541146618,True,journal_confirmatory_3domain_m_weakalign_steps2000_seed2029,pretrained_embedding
2029,journal_confirmatory_3domain_m_weakalign_steps2000_seed2029,2029,3,16015,6899,0.3333333333333333,0.3358457747499637,0.9997101029134656,0.9997068308413954,0.9997089882922724,0.9997101029134656,0.0013621040654799,0.0012398405511477,0.0001776011184808,False,journal_confirmatory_3domain_m_weakalign_steps2000_seed2029,pretrained_embedding
2029,journal_confirmatory_3domain_m_weakalign_steps2000_seed2029,2029,3,16015,6899,0.3333333333333333,0.3358457747499637,0.3977388027250326,0.398326368625933,0.3961692900702294,0.3977388027250326,1.0687182401569597,0.9727892644024656,0.051552917335375,True,journal_confirmatory_3domain_m_weakalign_steps2000_seed2029,pretrained_embedding
2029,journal_confirmatory_3domain_m_weakalign_steps2000_seed2029,2030,3,16110,6804,0.3333333333333333,0.3381834215167548,1.0,1.0,1.0,1.0,0.0005506552443026,0.000501228003712,7.540404710738047e-05,False,journal_confirmatory_3domain_m_weakalign_steps2000_seed2029,pretrained_embedding
2029,journal_confirmatory_3domain_m_weakalign_steps2000_seed2029,2030,3,16110,6804,0.3333333333333333,0.3381834215167548,0.3324514991181658,0.332175772380981,0.3321055449344375,0.3719870664315108,1.075113228378062,0.9786102335351294,0.0763081047730423,True,journal_confirmatory_3domain_m_weakalign_steps2000_seed2029,pretrained_embedding
2029,journal_confirmatory_3domain_m_weakalign_steps2000_seed2029,2031,3,15965,6949,0.3333333333333333,0.3363073823571736,1.0,1.0,1.0,1.0,0.0008129001788072,0.0007399336300823,0.0001201741137521,False,journal_confirmatory_3domain_m_weakalign_steps2000_seed2029,pretrained_embedding
2029,journal_confirmatory_3domain_m_weakalign_steps2000_seed2029,2031,3,15965,6949,0.3333333333333333,0.3363073823571736,0.3007626996690171,0.3008222509582339,0.3003853257047071,0.3938696215282774,1.072454935433219,0.976190551020868,0.1129196463333401,True,journal_confirmatory_3domain_m_weakalign_steps2000_seed2029,pretrained_embedding
2029,journal_confirmatory_3domain_m_weakalign_steps2000_seed2029,2032,3,16025,6889,0.3333333333333333,0.3344462186093773,0.9997096821019016,0.9997086247086248,0.9997091949819422,0.9997096821019016,0.0006419364692623,0.0005843157553249,0.0002172400596495,False,journal_confirmatory_3domain_m_weakalign_steps2000_seed2029,pretrained_embedding
2029,journal_confirmatory_3domain_m_weakalign_steps2000_seed2029,2032,3,16025,6889,0.3333333333333333,0.3344462186093773,0.3784293801712876,0.378529816693046,0.3783162952415882,0.3784293801712876,1.07047944352547,0.974392380794551,0.0517544427163351,True,journal_confirmatory_3domain_m_weakalign_steps2000_seed2029,pretrained_embedding
2029,journal_confirmatory_3domain_m_weakalign_steps2000_seed2029,2033,3,15988,6926,0.3333333333333333,0.335980363846376,1.0,1.0,1.0,1.0,0.0013015143679305,0.0011846894317088,0.0001861667893869,False,journal_confirmatory_3domain_m_weakalign_steps2000_seed2029,pretrained_embedding
2029,journal_confirmatory_3domain_m_weakalign_steps2000_seed2029,2033,3,15988,6926,0.3333333333333333,0.335980363846376,0.3365578977764943,0.3364840246342988,0.3364017013918554,0.349985561651747,1.0761215159819255,0.9795280164638877,0.0704957579848711,True,journal_confirmatory_3domain_m_weakalign_steps2000_seed2029,pretrained_embedding
2029,journal_confirmatory_3domain_m_weakalign_steps2000_seed2029,2034,3,16094,6820,0.3333333333333333,0.3343108504398827,1.0,1.0,1.0,1.0,0.002015993372702,0.0018350362484531,0.0003488778043131,False,journal_confirmatory_3domain_m_weakalign_steps2000_seed2029,pretrained_embedding
2029,journal_confirmatory_3domain_m_weakalign_steps2000_seed2029,2034,3,16094,6820,0.3333333333333333,0.3343108504398827,0.3351906158357771,0.3352059897550143,0.3353231646328969,0.3649560117302052,1.0733288972626525,0.9769860653605928,0.0773727494411657,True,journal_confirmatory_3domain_m_weakalign_steps2000_seed2029,pretrained_embedding
2029,journal_confirmatory_3domain_m_weakalign_steps2000_seed2029,2035,3,15957,6957,0.3333333333333333,0.3367830961621388,0.9997125197642662,0.9997095134350036,0.9997110152421608,0.9997125197642662,0.0007318636223119,0.0006661709775695,0.0001985056021556,False,journal_confirmatory_3domain_m_weakalign_steps2000_seed2029,pretrained_embedding
2029,journal_confirmatory_3domain_m_weakalign_steps2000_seed2029,2035,3,15957,6957,0.3333333333333333,0.3367830961621388,0.3341957740405347,0.3338240112099513,0.3320697664235163,0.3459824637056202,1.0730555367988424,0.976737241943424,0.0793095081907692,True,journal_confirmatory_3domain_m_weakalign_steps2000_seed2029,pretrained_embedding
2030,journal_confirmatory_3domain_m_weakalign_steps2000_seed2030,2026,3,15985,6929,0.3333333333333333,0.3354019339009958,0.9997113580603262,0.9997113997113996,0.9997122681854236,0.9997113580603262,0.0016180027782718,0.0014727695975742,0.0002761257295908,False,journal_confirmatory_3domain_m_weakalign_steps2000_seed2030,pretrained_embedding
2030,journal_confirmatory_3domain_m_weakalign_steps2000_seed2030,2026,3,15985,6929,0.3333333333333333,0.3354019339009958,0.3810073603694617,0.3808176428658356,0.3803593084970906,0.3810073603694617,1.0703561437612523,0.9742801485125262,0.0365637423541505,True,journal_confirmatory_3domain_m_weakalign_steps2000_seed2030,pretrained_embedding
2030,journal_confirmatory_3domain_m_weakalign_steps2000_seed2030,2027,3,15967,6947,0.3333333333333333,0.3407226140780193,1.0,1.0,1.0,1.0,0.0010368421642803,0.0009437744097486,0.0002578424072072,False,journal_confirmatory_3domain_m_weakalign_steps2000_seed2030,pretrained_embedding
2030,journal_confirmatory_3domain_m_weakalign_steps2000_seed2030,2027,3,15967,6947,0.3333333333333333,0.3407226140780193,0.2711961997984741,0.2703958924789462,0.2693538654204779,0.3651936087519792,1.071811964007402,0.9756052932074892,0.1423581367350949,True,journal_confirmatory_3domain_m_weakalign_steps2000_seed2030,pretrained_embedding
2030,journal_confirmatory_3domain_m_weakalign_steps2000_seed2030,2028,3,16001,6913,0.3333333333333333,0.336322869955157,1.0,1.0,1.0,1.0,0.0009077309944903,0.0008262523584101,0.0001443558584725,False,journal_confirmatory_3domain_m_weakalign_steps2000_seed2030,pretrained_embedding
2030,journal_confirmatory_3domain_m_weakalign_steps2000_seed2030,2028,3,16001,6913,0.3333333333333333,0.336322869955157,0.288442065673369,0.2885702276085763,0.2896345921847166,0.3817445392738319,1.073332620338806,0.9769894542505516,0.1232797693108046,True,journal_confirmatory_3domain_m_weakalign_steps2000_seed2030,pretrained_embedding
2030,journal_confirmatory_3domain_m_weakalign_steps2000_seed2030,2029,3,16015,6899,0.3333333333333333,0.3358457747499637,1.0,1.0,1.0,1.0,0.0017660752914702,0.0016075510074726,0.0004136283288088,False,journal_confirmatory_3domain_m_weakalign_steps2000_seed2030,pretrained_embedding
2030,journal_confirmatory_3domain_m_weakalign_steps2000_seed2030,2029,3,16015,6899,0.3333333333333333,0.3358457747499637,0.3891868386722713,0.389724485703034,0.3876509450838262,0.3958544716625597,1.070091864232568,0.9740395909187234,0.0728137361447363,True,journal_confirmatory_3domain_m_weakalign_steps2000_seed2030,pretrained_embedding
2030,journal_confirmatory_3domain_m_weakalign_steps2000_seed2030,2030,3,16110,6804,0.3333333333333333,0.3381834215167548,1.0,1.0,1.0,1.0,0.0013399478254053,0.0012196730723172,0.0003365526452232,False,journal_confirmatory_3domain_m_weakalign_steps2000_seed2030,pretrained_embedding
2030,journal_confirmatory_3domain_m_weakalign_steps2000_seed2030,2030,3,16110,6804,0.3333333333333333,0.3381834215167548,0.2861552028218695,0.2854592600451007,0.2844024188147645,0.420487948265726,1.070959927567106,0.9748297362170164,0.1295374595056798,True,journal_confirmatory_3domain_m_weakalign_steps2000_seed2030,pretrained_embedding
2030,journal_confirmatory_3domain_m_weakalign_steps2000_seed2030,2031,3,15965,6949,0.3333333333333333,0.3363073823571736,0.9997121888041444,0.9997131292909868,0.9997131292909868,0.9997121888041444,0.0015968711880673,0.001453534795249,0.0004144660333064,False,journal_confirmatory_3domain_m_weakalign_steps2000_seed2030,pretrained_embedding
2030,journal_confirmatory_3domain_m_weakalign_steps2000_seed2030,2031,3,15965,6949,0.3333333333333333,0.3363073823571736,0.3066628291840552,0.3066831672927931,0.3062086906595637,0.34810764138725,1.070998547284184,0.974864889398422,0.1083980095400917,True,journal_confirmatory_3domain_m_weakalign_steps2000_seed2030,pretrained_embedding
2030,journal_confirmatory_3domain_m_weakalign_steps2000_seed2030,2032,3,16025,6889,0.3333333333333333,0.3344462186093773,0.9998548410509508,0.9998543123543124,0.9998545976362204,0.9998548410509508,0.0014373773130708,0.0013083572138205,0.0002869982261855,False,journal_confirmatory_3domain_m_weakalign_steps2000_seed2030,pretrained_embedding
2030,journal_confirmatory_3domain_m_weakalign_steps2000_seed2030,2032,3,16025,6889,0.3333333333333333,0.3344462186093773,0.3570910146610538,0.3571822742582157,0.3567766600257203,0.3570910146610538,1.0732616062114206,0.9769248144061607,0.0551081947783663,True,journal_confirmatory_3domain_m_weakalign_steps2000_seed2030,pretrained_embedding
2030,journal_confirmatory_3domain_m_weakalign_steps2000_seed2030,2033,3,15988,6926,0.3333333333333333,0.335980363846376,0.9998556165174703,0.9998567540466984,0.99985556553236,0.9998556165174703,0.003069896150595,0.0027943398979423,0.0005961463905548,False,journal_confirmatory_3domain_m_weakalign_steps2000_seed2030,pretrained_embedding
2030,journal_confirmatory_3domain_m_weakalign_steps2000_seed2030,2033,3,15988,6926,0.3333333333333333,0.335980363846376,0.3421888535951487,0.3420679941360583,0.3430220811826518,0.3847819809413803,1.0752968602883823,0.9787773825031636,0.0662998124265525,True,journal_confirmatory_3domain_m_weakalign_steps2000_seed2030,pretrained_embedding
2030,journal_confirmatory_3domain_m_weakalign_steps2000_seed2030,2034,3,16094,6820,0.3333333333333333,0.3343108504398827,1.0,1.0,1.0,1.0,0.0030719142292522,0.0027961768322985,0.0006557588918671,False,journal_confirmatory_3domain_m_weakalign_steps2000_seed2030,pretrained_embedding
2030,journal_confirmatory_3domain_m_weakalign_steps2000_seed2030,2034,3,16094,6820,0.3333333333333333,0.3343108504398827,0.3423753665689149,0.3423918674130309,0.34211196627897,0.3444281524926686,1.073963741214461,0.9775639252283158,0.0691319334738328,True,journal_confirmatory_3domain_m_weakalign_steps2000_seed2030,pretrained_embedding
2030,journal_confirmatory_3domain_m_weakalign_steps2000_seed2030,2035,3,15957,6957,0.3333333333333333,0.3367830961621388,1.0,1.0,1.0,1.0,0.0017688025425473,0.0016100334583839,0.0003520397979643,False,journal_confirmatory_3domain_m_weakalign_steps2000_seed2030,pretrained_embedding
2030,journal_confirmatory_3domain_m_weakalign_steps2000_seed2030,2035,3,15957,6957,0.3333333333333333,0.3367830961621388,0.3445450625269513,0.344247970987277,0.3442206705209307,0.3767428489291361,1.0745285932923667,0.9780780757468672,0.0659633198231905,True,journal_confirmatory_3domain_m_weakalign_steps2000_seed2030,pretrained_embedding
