seed,n_classes,n_train,n_test,uniform_reference,majority_reference,accuracy,balanced_accuracy,macro_f1,permutation_corrected_accuracy,mean_prediction_entropy,normalized_prediction_entropy,ece,shuffled_label_control,source,feature_set,mutual_information,normalized_mutual_information
2026,2,41792,18208,0.5,0.5007688927943761,0.999011423550088,0.9990115901258914,0.9990114215343532,0.999011423550088,0.0032323391768949,0.0046632797009773,0.0004024788362508,False,two_domain_confirmatory_features,pretrained_embedding,0.6853239750447994,0.9887149630508896
2026,2,41792,18208,0.5,0.5007688927943761,0.5020869947275922,0.5020728109222415,0.502037242199911,0.5020869947275922,0.6888003122087469,0.9937287945863288,0.03506663408576,True,two_domain_confirmatory_features,pretrained_embedding,8.59602041945978e-06,1.2402970026790191e-05
2027,2,41903,18097,0.5,0.5002486599988949,0.999447422224678,0.9994474770496198,0.9994474221420028,0.999447422224678,0.0033979544035761,0.004902211967206,0.0007379039410966,False,two_domain_confirmatory_features,pretrained_embedding,0.6884609552623016,0.9932393219500397
2027,2,41903,18097,0.5,0.5002486599988949,0.4778140023208266,0.4778110701279354,0.4777943563114994,0.5221859976791734,0.6893187184245513,0.9944766966630358,0.0568459328558546,True,two_domain_confirmatory_features,pretrained_embedding,0.000985157479653968,0.0014213529558543144
2028,2,42174,17826,0.5,0.5025805003926849,0.9996634129922584,0.9996622459119904,0.999663403230128,0.9996634129922584,0.0016900549937952,0.002438233958378,0.0003192814786035,False,two_domain_confirmatory_features,pretrained_embedding,0.6901861849258577,0.995749054461685
2028,2,42174,17826,0.5,0.5025805003926849,0.5,0.4999232748996899,0.4998477647629783,0.5,0.6883835726987816,0.9931275665619594,0.0387832364039443,True,two_domain_confirmatory_features,pretrained_embedding,1.1783585314571624e-08,1.700570618944371e-08
2029,2,41824,18176,0.5,0.5001100352112676,0.9985145246478874,0.9985147788386588,0.998514523348415,0.9985145246478874,0.00267632180506,0.0038611161959831,0.0006594735734628,False,two_domain_confirmatory_features,pretrained_embedding,0.6824990631432529,0.9846395832613676
2029,2,41824,18176,0.5,0.5001100352112676,0.5230523767605634,0.523055877016273,0.5229334317720716,0.5230523767605634,0.6882166471209948,0.992886743858689,0.0163947162689424,True,two_domain_confirmatory_features,pretrained_embedding,0.0010646029128817923,0.0015364578592546169
2030,2,41977,18023,0.5,0.5039671530821728,0.9992786994396048,0.9992755722086716,0.9992786494735908,0.9992786994396048,0.0039428516932369,0.0056883325847935,0.0005756806874327,False,two_domain_confirmatory_features,pretrained_embedding,0.6872834819950417,0.991590125237593
2030,2,41977,18023,0.5,0.5039671530821728,0.5149531154635744,0.5149507549196436,0.5149437959749856,0.5149531154635744,0.6886786671681817,0.9935532978895568,0.0227023392049576,True,two_domain_confirmatory_features,pretrained_embedding,0.00044708884437455725,0.0006450276656387167
2031,2,41943,18057,0.5,0.5000830702774547,0.9986154953757546,0.9986156885563318,0.9986154939999756,0.9986154953757546,0.0043764846830617,0.0063139327487796,0.0005485545512805,False,two_domain_confirmatory_features,pretrained_embedding,0.6832221130399784,0.9856828225245478
2031,2,41943,18057,0.5,0.5000830702774547,0.5053995680345572,0.5054002996547455,0.5053903389079375,0.5053995680345572,0.688802688131219,0.9937322223178968,0.0315911195202378,True,two_domain_confirmatory_features,pretrained_embedding,5.8332129662797775e-05,8.415782854598474e-05
2032,2,41880,18120,0.5,0.5027593818984547,0.9983443708609272,0.9983376197443748,0.998344295804822,0.9983443708609272,0.0042424741860917,0.006120596469374,0.0006882514167713,False,two_domain_confirmatory_features,pretrained_embedding,0.6813643474030708,0.9830341558520302
2032,2,41880,18120,0.5,0.5027593818984547,0.5138520971302428,0.5138430771517438,0.5138423823999889,0.5138520971302428,0.6883189922840184,0.993034396717842,0.025120247819001,True,two_domain_confirmatory_features,pretrained_embedding,0.0003833031013217615,0.0005529978932224225
2033,2,42017,17983,0.5,0.5000278040371462,0.9994995273313684,0.9994995366065949,0.999499527325178,0.9994995273313684,0.0027095626189352,0.0039090725533159,0.0004850012752694,False,two_domain_confirmatory_features,pretrained_embedding,0.6888715713657396,0.9938316286375756
2033,2,42017,17983,0.5,0.5000278040371462,0.508758271701051,0.5087577383136399,0.5087128039615243,0.508758271701051,0.6884270089116253,0.993190231770824,0.0300812004860133,True,two_domain_confirmatory_features,pretrained_embedding,0.00015346029727613623,0.00022142580576811716
2034,2,41830,18170,0.5,0.5046780407264722,0.9995597138139792,0.9995607051981098,0.9995596761712676,0.9995597138139792,0.0030375692683827,0.0043822861198525,0.000469810736666,False,two_domain_confirmatory_features,pretrained_embedding,0.6892755896983278,0.9944758110302228
2034,2,41830,18170,0.5,0.5046780407264722,0.4826086956521739,0.482632921361929,0.4826067758920307,0.5173913043478261,0.6882242112024952,0.9928976565215584,0.0568725140325987,True,two_domain_confirmatory_features,pretrained_embedding,0.0006033162638721494,0.0008704383731056349
2035,2,41881,18119,0.5,0.5023456040620343,0.999227330426624,0.9992299025885992,0.9992273171876196,0.999227330426624,0.0026175374003136,0.0037763082267739,0.0003560714466011,False,two_domain_confirmatory_features,pretrained_embedding,0.6870479472648776,0.9912131350376963
2035,2,41881,18119,0.5,0.5023456040620343,0.4900932722556432,0.4899828851808445,0.4897528610604703,0.5099067277443567,0.6890709965161953,0.9941193094943312,0.0458043146705345,True,two_domain_confirmatory_features,pretrained_embedding,0.00020113922063837077,0.00029041600688653663
2026,2,41792,18208,0.5,0.5007688927943761,0.9722100175746924,0.9721976211659332,0.9722074795143596,0.9722100175746924,0.0946358069349894,0.1365306093556346,0.0075694294945922,False,two_domain_confirmatory_features,raw_statistics,0.5672380114190764,0.8184433444369495
2026,2,41792,18208,0.5,0.5007688927943761,0.4874231107205624,0.4874025579789828,0.487320972730125,0.5125768892794376,0.6915763304382515,0.9977337423194526,0.034695877652913,True,two_domain_confirmatory_features,raw_statistics,0.00031765079324900993,0.0004583914165788424
2027,2,41903,18097,0.5,0.5002486599988949,0.9683372934740564,0.9683353345058804,0.9683366747124992,0.9683372934740564,0.0994817020241973,0.143521758169503,0.0059670255398626,False,two_domain_confirmatory_features,raw_statistics,0.5528908028337752,0.7976729207514638
2027,2,41903,18097,0.5,0.5002486599988949,0.4538873846493894,0.4538894205644259,0.4538792137170537,0.5461126153506106,0.691446078954606,0.9975458291499288,0.0689963619835818,True,two_domain_confirmatory_features,raw_statistics,0.004258706768611918,0.006144165908604395
2028,2,42174,17826,0.5,0.5025805003926849,0.9689778974531584,0.9690109459842328,0.9689778364370792,0.9689778974531584,0.0993842166767622,0.1433811165421991,0.0074182382016398,False,two_domain_confirmatory_features,raw_statistics,0.5555254076044279,0.8014797938260534
2028,2,42174,17826,0.5,0.5025805003926849,0.5495343879726242,0.5495148613372249,0.5495146484391719,0.5495343879726242,0.6919068646538913,0.9982106023932,0.0302451293454098,True,two_domain_confirmatory_features,raw_statistics,0.004911654845129745,0.0070862549482891635
2029,2,41824,18176,0.5,0.5001100352112676,0.9538402288732394,0.953839996590458,0.9538401549598045,0.9538402288732394,0.1132952832356856,0.1634505432802341,0.0079080216958722,False,two_domain_confirmatory_features,raw_statistics,0.5061083920192014,0.7301614862361553
2029,2,41824,18176,0.5,0.5001100352112676,0.5671214788732394,0.5671078003684146,0.5654358961343888,0.5671214788732394,0.6912245499837942,0.9972262304023254,0.044296055553617,True,two_domain_confirmatory_features,raw_statistics,0.009178199792835823,0.0133157869609021
2030,2,41977,18023,0.5,0.5039671530821728,0.9735893025578428,0.9736677671319014,0.9735891788899524,0.9735893025578428,0.1007351785311117,0.1453301425098992,0.0097759733710842,False,two_domain_confirmatory_features,raw_statistics,0.5729885612990091,0.8267113612543289
2030,2,41977,18023,0.5,0.5039671530821728,0.490872773678078,0.4908838659432364,0.4908695997294605,0.509127226321922,0.6913421270748515,0.997395858288516,0.0331661621420788,True,two_domain_confirmatory_features,raw_statistics,0.00016620789109389293,0.0002397934928548221
2031,2,41943,18057,0.5,0.5000830702774547,0.963836739214709,0.9638377411140516,0.9638354929706988,0.963836739214709,0.1043701465124388,0.15057429279035,0.0076024594287674,False,two_domain_confirmatory_features,raw_statistics,0.5380473923689579,0.776278006731865
2031,2,41943,18057,0.5,0.5000830702774547,0.444370604197818,0.4443744808395043,0.4440698389725809,0.555629395802182,0.6915585279515555,0.9977080587601808,0.0778467302696885,True,two_domain_confirmatory_features,raw_statistics,0.0062149056273144085,0.008973270081114076
2032,2,41880,18120,0.5,0.5027593818984547,0.9543598233995584,0.9543898047175294,0.954359822148512,0.9543598233995584,0.1202871184102482,0.1735376292132887,0.0077959780215772,False,two_domain_confirmatory_features,raw_statistics,0.5079975975210409,0.7329027117130678
2032,2,41880,18120,0.5,0.5027593818984547,0.5300220750551876,0.5300546654467351,0.5300179010551422,0.5300220750551876,0.6913697861526451,0.9974357619028844,0.0104546974007168,True,two_domain_confirmatory_features,raw_statistics,0.0018078484933705952,0.0026083266727727292
2033,2,42017,17983,0.5,0.5000278040371462,0.9646332647500416,0.9646343160083768,0.9646206921691118,0.9646332647500416,0.1001686701209644,0.1445128436359578,0.0053884799848291,False,two_domain_confirmatory_features,raw_statistics,0.5450165822559941,0.786697335132829
2033,2,42017,17983,0.5,0.5000278040371462,0.4687760662848245,0.4687756038957106,0.4687391033811557,0.5312239337151754,0.6915485284108106,0.9976936324723368,0.0535551618894842,True,two_domain_confirmatory_features,raw_statistics,0.001951736673682784,0.002816041619901225
2034,2,41830,18170,0.5,0.5046780407264722,0.9584479911942764,0.9586982309463226,0.958434856363688,0.9584479911942764,0.0952284470052634,0.1373856082460511,0.0094283475736264,False,two_domain_confirmatory_features,raw_statistics,0.5290432027588656,0.7638279313290469
2034,2,41830,18170,0.5,0.5046780407264722,0.4829939460649422,0.4826551557009572,0.4821349915792201,0.5170060539350578,0.6912230689185171,0.9972240936767948,0.0415137543646932,True,two_domain_confirmatory_features,raw_statistics,0.0006049217582447652,0.0008743859201999972
2035,2,41881,18119,0.5,0.5023456040620343,0.9657265853523924,0.965814639487945,0.965719634846733,0.9657265853523924,0.0848469742264305,0.122408308950905,0.0080840534953703,False,two_domain_confirmatory_features,raw_statistics,0.5489270527977854,0.7922550668393379
2035,2,41881,18119,0.5,0.5023456040620343,0.4827529113085711,0.4830910652982512,0.4802193424325766,0.5172470886914289,0.6919533625638501,0.9982776846973096,0.0366061148807658,True,two_domain_confirmatory_features,raw_statistics,0.0005840805590341565,0.0008490578159808042
2026,2,41792,18208,0.5,0.5007688927943761,0.9883567662565904,0.9883575832906828,0.9883567548778404,0.9883567662565904,0.0359207213777637,0.0518226465968539,0.0015124633897365,False,two_domain_confirmatory_features,scratch_embedding,0.6297364973295464,0.9085185599105026
2026,2,41792,18208,0.5,0.5007688927943761,0.4883567662565905,0.4883471106487705,0.4883314800228575,0.5116432337434095,0.6884766768857191,0.9932618875107402,0.0500230470221613,True,two_domain_confirmatory_features,scratch_embedding,0.00027164638486472815,0.00039192539194463874
2027,2,41903,18097,0.5,0.5002486599988949,0.9867933911698072,0.9867926459217288,0.9867933389079472,0.9867933911698072,0.0369020893509144,0.0532384613050057,0.0011511600130481,False,two_domain_confirmatory_features,scratch_embedding,0.6229629444088839,0.8987495591860634
2027,2,41903,18097,0.5,0.5002486599988949,0.477316682323037,0.4773113042155359,0.4772528356158145,0.5226833176769631,0.6887311477683832,0.9936290113912104,0.0599804418556687,True,two_domain_confirmatory_features,scratch_embedding,0.0010303896917096683,0.0014867885754510008
2028,2,42174,17826,0.5,0.5025805003926849,0.9899584876023786,0.9899631421178088,0.989958309847496,0.9899584876023786,0.0328745339113934,0.0474279270455034,0.0025022412292935,False,two_domain_confirmatory_features,scratch_embedding,0.6369906621017194,0.9189956069750863
2028,2,42174,17826,0.5,0.5025805003926849,0.4816560080780881,0.4815900859740311,0.4815352964245037,0.5183439919219118,0.688682126699344,0.9935582889380083,0.0558224260833293,True,two_domain_confirmatory_features,scratch_embedding,0.000678426109416444,0.0009789984339397856
2029,2,41824,18176,0.5,0.5001100352112676,0.9867407570422536,0.9867405021373808,0.9867407319578984,0.9867407570422536,0.0361137782498261,0.0521011687887879,0.0013266927784825,False,two_domain_confirmatory_features,scratch_embedding,0.6227038579577326,0.8983738588597107
2029,2,41824,18176,0.5,0.5001100352112676,0.5461597711267606,0.5461547486467775,0.5459207660516527,0.5461597711267606,0.6883350508412437,0.9930575643187148,0.0074356809837205,True,two_domain_confirmatory_features,scratch_embedding,0.004275567095071878,0.0061729838530436105
2030,2,41977,18023,0.5,0.5039671530821728,0.9844642956222605,0.9844219330996936,0.9844616087403496,0.9844642956222605,0.0417281367698891,0.0602009759834554,0.0013557517718368,False,two_domain_confirmatory_features,scratch_embedding,0.6138129656647386,0.885672780723753
2030,2,41977,18023,0.5,0.5039671530821728,0.517505409754203,0.5174688696167903,0.5174687937841137,0.517505409754203,0.6887013959396805,0.9935860885754836,0.0199347653654534,True,two_domain_confirmatory_features,scratch_embedding,0.0006104614966905789,0.0008807583689605712
2031,2,41943,18057,0.5,0.5000830702774547,0.9847704491333,0.98477137800331,0.984770000531674,0.9847704491333,0.0410732317332967,0.0592561477349104,0.0025124819402505,False,two_domain_confirmatory_features,scratch_embedding,0.6153116694499611,0.8877459919761024
2031,2,41943,18057,0.5,0.5000830702774547,0.5170847870631888,0.5170848289388019,0.5170847737334324,0.5170847870631888,0.6881038562042318,0.9927240209624176,0.0226770469293679,True,two_domain_confirmatory_features,scratch_embedding,0.0005838965448873197,0.0008423847335652892
2032,2,41880,18120,0.5,0.5027593818984547,0.9826158940397351,0.9825712009220148,0.9826127153543436,0.9826158940397351,0.0412618129614345,0.0595282129375495,0.0025769781636704,False,two_domain_confirmatory_features,scratch_embedding,0.6072304203908387,0.8762043497945807
2032,2,41880,18120,0.5,0.5027593818984547,0.5391832229580574,0.5392002543825558,0.539183217344064,0.5391832229580574,0.6889954716075002,0.9940103500830932,0.0031695420548619,True,two_domain_confirmatory_features,scratch_embedding,0.003076494796003148,0.004438545279052634
2033,2,42017,17983,0.5,0.5000278040371462,0.9877106155813824,0.9877105815285432,0.9877106101090996,0.9877106155813824,0.0357695363188226,0.0516045326620631,0.0013942843086107,False,two_domain_confirmatory_features,scratch_embedding,0.6268870161438506,0.9044073239900906
2033,2,42017,17983,0.5,0.5000278040371462,0.5020296947116721,0.5020290716279744,0.5019668546362747,0.5020296947116721,0.6877428091807797,0.9922031402121556,0.0392283860358698,True,two_domain_confirmatory_features,scratch_embedding,8.238423342753253e-06,1.1887685960821577e-05
2034,2,41830,18170,0.5,0.5046780407264722,0.98673637864612,0.9867419120319884,0.9867353883068712,0.98673637864612,0.0352749342529626,0.0508909727144334,0.0020174728185088,False,two_domain_confirmatory_features,scratch_embedding,0.6226188210036853,0.8982977964649951
2034,2,41830,18170,0.5,0.5046780407264722,0.4683544303797468,0.4683253968253968,0.4683246442214998,0.5316455696202531,0.6884663959293462,0.9932470552259656,0.0701284198790299,True,two_domain_confirmatory_features,scratch_embedding,0.002007802245701136,0.002896770725902197
2035,2,41881,18119,0.5,0.5023456040620343,0.9882995750317346,0.9883044958633886,0.9882994244523604,0.9882995750317346,0.0351479158477305,0.0507077238911035,0.0018697035503804,False,two_domain_confirmatory_features,scratch_embedding,0.6295150286705294,0.9082074394441716
2035,2,41881,18119,0.5,0.5023456040620343,0.4905899884099564,0.4906284893592066,0.4905722227343762,0.5094100115900436,0.6886649921217168,0.993533568967838,0.0470064504227835,True,two_domain_confirmatory_features,scratch_embedding,0.00017570436518318886,0.0002535147292839868
2026,3,15985,6929,0.3333333333333333,0.3354019339009958,0.9987011112714678,0.9987012987012988,0.9986984353316356,0.9987011112714678,0.0056365342875413,0.0051305946107472,0.0010895571501861,False,three_domain_calibration_bank,pretrained_embedding,1.0894094541653094,0.9916347939382074
2026,3,15985,6929,0.3333333333333333,0.3354019339009958,0.3368451435993649,0.3367194892236234,0.3362710571113231,0.3573387213162072,1.080162113373475,0.9832059267086818,0.0635834701996009,True,three_domain_calibration_bank,pretrained_embedding,0.0014387641791258703,0.0013101726674357465
2027,3,15967,6947,0.3333333333333333,0.3407226140780193,0.9972650064776164,0.9973042200304164,0.9972862026804262,0.9972650064776164,0.0061955010542803,0.0056393880882138,0.0006697673423139,False,three_domain_calibration_bank,pretrained_embedding,1.0803312960608735,0.9834824719795708
2027,3,15967,6947,0.3333333333333333,0.3407226140780193,0.2930761479775443,0.2925198622791534,0.2921554162993655,0.3721030660716856,1.0774680233783562,0.980753660315062,0.1132045800917919,True,three_domain_calibration_bank,pretrained_embedding,0.007089281224534298,0.006456230286653999
2028,3,16001,6913,0.3333333333333333,0.336322869955157,0.9986981050195284,0.9986877381147178,0.9986928314500244,0.9986981050195284,0.0051123529194306,0.0046534641676259,0.000540691450514,False,three_domain_calibration_bank,pretrained_embedding,1.088656589284835,0.9909913266742193
2028,3,16001,6913,0.3333333333333333,0.336322869955157,0.2784608708230869,0.2784620604994243,0.2778446589623601,0.3797193693042094,1.0802568739798588,0.9832921815297516,0.1218944068412469,True,three_domain_calibration_bank,pretrained_embedding,0.008128462955313758,0.0074145125243854455
2029,3,16015,6899,0.3333333333333333,0.3358457747499637,0.9962313378750544,0.9962539210472316,0.9962446825537332,0.9962313378750544,0.0053849384340138,0.0049015821956098,0.0017248090810234,False,three_domain_calibration_bank,pretrained_embedding,1.0744024916814983,0.9779871928184676
2029,3,16015,6899,0.3333333333333333,0.3358457747499637,0.3875924046963328,0.3878413700711591,0.3873736606877816,0.3875924046963328,1.0807283389801228,0.9837213274669734,0.0374531850197887,True,three_domain_calibration_bank,pretrained_embedding,0.009761814987580055,0.008888347534219498
2030,3,16110,6804,0.3333333333333333,0.3381834215167548,0.9986772486772488,0.998684706620502,0.9986848683698856,0.9986772486772488,0.0043629156699664,0.0039712969852683,0.0010538196488457,False,three_domain_calibration_bank,pretrained_embedding,1.0886645636440861,0.9910038890023466
2030,3,16110,6804,0.3333333333333333,0.3381834215167548,0.3209876543209876,0.3205596996519029,0.3209016605093046,0.4062316284538507,1.0814781767314092,0.9844038592018,0.0771060707798672,True,three_domain_calibration_bank,pretrained_embedding,0.015382943978271734,0.014014159452229155
2031,3,15965,6949,0.3333333333333333,0.3363073823571736,0.9860411570010074,0.9860096447429144,0.9860878526937112,0.9860411570010074,0.0067766652584398,0.0061683865439512,0.0121262333279271,False,three_domain_calibration_bank,pretrained_embedding,1.0361696964456542,0.9434706374425758
2031,3,15965,6949,0.3333333333333333,0.3363073823571736,0.2856526118866024,0.2857461181960258,0.2861603254504907,0.3850913800546841,1.0792616388659035,0.982386279489313,0.1166046337885088,True,three_domain_calibration_bank,pretrained_embedding,0.017308057089174163,0.015771994133659116
2032,3,16025,6889,0.3333333333333333,0.3344462186093773,0.9981129336623604,0.9981152449249424,0.9981148890535632,0.9981129336623604,0.0061923328406393,0.0056365042558795,0.0010563071882218,False,three_domain_calibration_bank,pretrained_embedding,1.0850998140600434,0.9877046953559208
2032,3,16025,6889,0.3333333333333333,0.3344462186093773,0.3582522862534475,0.3583124484776096,0.3585847892644783,0.3832196254899114,1.0815337026242202,0.98445440104753,0.0389546135013216,True,three_domain_calibration_bank,pretrained_embedding,0.018821085530895156,0.01715782164796858
2033,3,15988,6926,0.3333333333333333,0.335980363846376,0.9994224660698816,0.999424907804796,0.9994242149179776,0.9994224660698816,0.002904577287881,0.0026438601841986,0.0010473256887682,False,three_domain_calibration_bank,pretrained_embedding,1.0937386314453084,0.9955837782942584
2033,3,15988,6926,0.3333333333333333,0.335980363846376,0.3603811723938781,0.3604330930659667,0.3611605658485772,0.3778515737799596,1.08406164289526,0.9867554314448,0.032092668344027,True,three_domain_calibration_bank,pretrained_embedding,0.011201466228803737,0.010205468061160987
2034,3,16094,6820,0.3333333333333333,0.3343108504398827,0.989149560117302,0.9891583862093956,0.989178375879038,0.989149560117302,0.0050407739966661,0.004588310224326,0.0093415100855556,False,three_domain_calibration_bank,pretrained_embedding,1.0455643629884266,0.9518495984738837
2034,3,16094,6820,0.3333333333333333,0.3343108504398827,0.3341642228739003,0.3341025107590652,0.3342017615049346,0.3658357771260997,1.0812408709279826,0.9841878541508148,0.06425196651176,True,three_domain_calibration_bank,pretrained_embedding,0.002835820656900685,0.0025833465758038077
2035,3,15957,6957,0.3333333333333333,0.3367830961621388,0.9962627569354608,0.9962789530050796,0.9962713195501478,0.9962627569354608,0.0079578743676732,0.0072435694100244,0.0011963734127743,False,three_domain_calibration_bank,pretrained_embedding,1.074063626267921,0.9776820849597403
2035,3,15957,6957,0.3333333333333333,0.3367830961621388,0.3035791289348857,0.3035230499235389,0.3041279817287469,0.3605002156101768,1.0814291958003273,0.9843592748369724,0.0941945545875964,True,three_domain_calibration_bank,pretrained_embedding,0.008171139785165623,0.007442020327132925
